{"type": "FeatureCollection", "name": "Platzrunden Deutschland", "features": [{"type": "Feature", "properties": {"name": "Aachen", "icao": "EDKA", "typ": "platzrunde", "bahn": "08/26 * 1500 ft * UL", "hoehe_ft": 1500, "hoehe_bezug": "MSL?", "hoehe_label": "1500 ft", "hoehe_geschaetzt": false, "info": "520 m, UL", "quelle": "vlflugzeuge.de/Dateien/Platzrunden.txt"}, "geometry": {"type": "Polygon", "coordinates": [[[6.174444, 50.821389], [6.17, 50.820556], [6.166667, 50.818333], [6.160278, 50.804167], [6.161389, 50.801667], [6.165278, 50.800278], [6.2175, 50.8075], [6.22, 50.81], [6.215, 50.824444], [6.210833, 50.826111], [6.201944, 50.825], [6.174444, 50.821389]]]}}, {"type": "Feature", "properties": {"name": "Aalen-Heidenheim", "icao": "EDPA", "typ": "platzrunde", "bahn": "09/27", "hoehe_ft": null, "hoehe_bezug": "unbekannt", "hoehe_label": "keine Angabe (Annahme 1000 ft)", "hoehe_geschaetzt": true, "info": "950 m, UL, MOGAS", "quelle": "vlflugzeuge.de/Dateien/Platzrunden.txt"}, "geometry": {"type": "Polygon", "coordinates": [[[10.281667, 48.778056], [10.304167, 48.779167], [10.289167, 48.810556], [10.223611, 48.809167], [10.226389, 48.777222], [10.248889, 48.7775], [10.281667, 48.778056]]]}}, {"type": "Feature", "properties": {"name": "Achmer", "icao": "EDXA", "typ": "platzrunde", "bahn": "07/25", "hoehe_ft": 1000, "hoehe_bezug": "MSL", "hoehe_label": "1000 ft MSL", "hoehe_geschaetzt": false, "info": "GRS 940mtr", "quelle": "vlflugzeuge.de/Dateien/Platzrunden.txt"}, "geometry": {"type": "Polygon", "coordinates": [[[7.904167, 52.375278], [7.885833, 52.370833], [7.894167, 52.358333], [7.948889, 52.371111], [7.940833, 52.383889], [7.922778, 52.379444], [7.904167, 52.375278]]]}}, {"type": "Feature", "properties": {"name": "Ahlhorn", "icao": "EDHA", "typ": "platzrunde", "bahn": "09/27", "hoehe_ft": 1100, "hoehe_bezug": "MSL", "hoehe_label": "1100 ft MSL", "hoehe_geschaetzt": false, "info": "CON 2101mtr", "quelle": "vlflugzeuge.de/Dateien/Platzrunden.txt"}, "geometry": {"type": "Polygon", "coordinates": [[[8.255, 52.888889], [8.2775, 52.888333], [8.277222, 52.867778], [8.188889, 52.868333], [8.189444, 52.888889], [8.210556, 52.888611], [8.255, 52.888889]]]}}, {"type": "Feature", "properties": {"name": "Ailertchen", "icao": "EDGA", "typ": "platzrunde", "bahn": "04/22", "hoehe_ft": 2300, "hoehe_bezug": "MSL?", "hoehe_label": "2300 ft", "hoehe_geschaetzt": false, "info": "550 m, UL, MOGAS", "quelle": "vlflugzeuge.de/Dateien/Platzrunden.txt"}, "geometry": {"type": "Polygon", "coordinates": [[[7.937222, 50.586111], [7.927778, 50.574167], [7.924444, 50.573611], [7.906111, 50.582222], [7.905833, 50.583889], [7.942222, 50.616111], [7.945278, 50.616389], [7.960556, 50.609167], [7.961111, 50.6075], [7.952222, 50.599444], [7.937222, 50.586111]]]}}, {"type": "Feature", "properties": {"name": "Albstadt-Degerfeld", "icao": "EDSA", "typ": "platzrunde", "bahn": "09/27", "hoehe_ft": 3900, "hoehe_bezug": "MSL?", "hoehe_label": "3900 ft", "hoehe_geschaetzt": false, "info": "580 m, UL, MOGAS", "quelle": "vlflugzeuge.de/Dateien/Platzrunden.txt"}, "geometry": {"type": "Polygon", "coordinates": [[[9.049444, 48.248889], [9.040278, 48.249167], [9.040556, 48.259444], [9.085556, 48.259444], [9.086111, 48.249167], [9.076111, 48.249167], [9.049444, 48.248889]]]}}, {"type": "Feature", "properties": {"name": "Allendorf-Eder", "icao": "EDFQ", "typ": "platzrunde", "bahn": "11/29", "hoehe_ft": 2200, "hoehe_bezug": "MSL?", "hoehe_label": "2200 ft", "hoehe_geschaetzt": false, "info": "1240 m, UL", "quelle": "vlflugzeuge.de/Dateien/Platzrunden.txt"}, "geometry": {"type": "Polygon", "coordinates": [[[8.646667, 51.044444], [8.655556, 51.059444], [8.716944, 51.044167], [8.708333, 51.029444], [8.646667, 51.044444]]]}}, {"type": "Feature", "properties": {"name": "Allstedt", "icao": "EDBT", "typ": "platzrunde", "bahn": "07/25", "hoehe_ft": 1700, "hoehe_bezug": "MSL?", "hoehe_label": "1700 ft", "hoehe_geschaetzt": false, "info": "1200 m, UL, MOGAS", "quelle": "vlflugzeuge.de/Dateien/Platzrunden.txt"}, "geometry": {"type": "Polygon", "coordinates": [[[11.415833, 51.373333], [11.423333, 51.361389], [11.481111, 51.374444], [11.474167, 51.386389], [11.415833, 51.373333]]]}}, {"type": "Feature", "properties": {"name": "Altdorf-Wallburg", "icao": "EDSW", "typ": "platzrunde", "bahn": "07/25", "hoehe_ft": 1600, "hoehe_bezug": "MSL", "hoehe_label": "1600 ft MSL", "hoehe_geschaetzt": false, "info": "GRS 495mtr, UL", "quelle": "vlflugzeuge.de/Dateien/Platzrunden.txt"}, "geometry": {"type": "Polygon", "coordinates": [[[7.834722, 48.268333], [7.828889, 48.267222], [7.8225, 48.281389], [7.866944, 48.290278], [7.873611, 48.276111], [7.861667, 48.273889], [7.834722, 48.268333]]]}}, {"type": "Feature", "properties": {"name": "Altena-Hegenscheid", "icao": "EDKD", "typ": "platzrunde", "bahn": "06/24", "hoehe_ft": 2600, "hoehe_bezug": "MSL", "hoehe_label": "2600 ft MSL", "hoehe_geschaetzt": false, "info": "GRS 600mtr, UL(PPR)", "quelle": "vlflugzeuge.de/Dateien/Platzrunden.txt"}, "geometry": {"type": "Polygon", "coordinates": [[[7.696667, 51.310833], [7.675833, 51.303611], [7.664167, 51.3175], [7.715556, 51.334444], [7.727222, 51.320833], [7.709167, 51.314722], [7.696667, 51.310833]]]}}, {"type": "Feature", "properties": {"name": "Altenburg-Nobitz", "icao": "EDAC", "typ": "platzrunde", "bahn": "04/22", "hoehe_ft": 1700, "hoehe_bezug": "MSL?", "hoehe_label": "1700 ft", "hoehe_geschaetzt": false, "info": "1935 m, UL", "quelle": "vlflugzeuge.de/Dateien/Platzrunden.txt"}, "geometry": {"type": "Polygon", "coordinates": [[[12.525, 50.996667], [12.534167, 51.003333], [12.554167, 50.992778], [12.505278, 50.954167], [12.484167, 50.964722], [12.494167, 50.973333], [12.525, 50.996667]]]}}, {"type": "Feature", "properties": {"name": "Amalienhof", "icao": "EDPU", "typ": "platzrunde", "bahn": "16/34", "hoehe_ft": 3000, "hoehe_bezug": "MSL", "hoehe_label": "3000 ft MSL", "hoehe_geschaetzt": false, "info": "GRS 900mtr", "quelle": "vlflugzeuge.de/Dateien/Platzrunden.txt"}, "geometry": {"type": "Polygon", "coordinates": [[[10.001944, 48.752778], [9.998889, 48.759167], [10.030833, 48.766389], [10.041389, 48.745278], [10.034167, 48.735], [10.013333, 48.73], [10.008056, 48.740278], [10.001944, 48.752778]]]}}, {"type": "Feature", "properties": {"name": "Ampfing-Waldkraiburg", "icao": "EDNA", "typ": "platzrunde", "bahn": "09/27", "hoehe_ft": 2300, "hoehe_bezug": "MSL?", "hoehe_label": "2300 ft", "hoehe_geschaetzt": false, "info": "735 m, UL, MOGAS", "quelle": "vlflugzeuge.de/Dateien/Platzrunden.txt"}, "geometry": {"type": "Polygon", "coordinates": [[[12.373333, 48.264722], [12.371667, 48.243889], [12.449167, 48.241667], [12.450278, 48.2625], [12.373333, 48.264722]]]}}, {"type": "Feature", "properties": {"name": "Anklam", "icao": "EDCA", "typ": "platzrunde", "bahn": "09/27", "hoehe_ft": 900, "hoehe_bezug": "MSL?", "hoehe_label": "900 ft", "hoehe_geschaetzt": false, "info": "900 m, UL, MOGAS", "quelle": "vlflugzeuge.de/Dateien/Platzrunden.txt"}, "geometry": {"type": "Polygon", "coordinates": [[[13.6525, 53.832222], [13.639167, 53.832222], [13.639444, 53.8125], [13.706389, 53.8125], [13.706389, 53.832222], [13.689722, 53.831944], [13.6525, 53.832222]]]}}, {"type": "Feature", "properties": {"name": "Ansbach-Petersdorf", "icao": "EDQF", "typ": "platzrunde", "bahn": "09/27", "hoehe_ft": 2100, "hoehe_bezug": "MSL?", "hoehe_label": "2100 ft", "hoehe_geschaetzt": false, "info": "780 m, UL(PPR), MOGAS", "quelle": "vlflugzeuge.de/Dateien/Platzrunden.txt"}, "geometry": {"type": "Polygon", "coordinates": [[[10.686111, 49.361111], [10.686389, 49.355], [10.679167, 49.347778], [10.647222, 49.346944], [10.645833, 49.360278], [10.686111, 49.361111]]]}}, {"type": "Feature", "properties": {"name": "Anspach", "icao": "EDFA", "typ": "platzrunde", "bahn": "06/24", "hoehe_ft": 2100, "hoehe_bezug": "MSL?", "hoehe_label": "2100 ft", "hoehe_geschaetzt": false, "info": "580 m", "quelle": "vlflugzeuge.de/Dateien/Platzrunden.txt"}, "geometry": {"type": "Polygon", "coordinates": [[[8.523889, 50.284722], [8.502222, 50.276111], [8.473889, 50.304444], [8.507222, 50.317778], [8.531944, 50.317778], [8.551944, 50.296667], [8.523889, 50.284722]]]}}, {"type": "Feature", "properties": {"name": "Arnbruck", "icao": "EDNB", "typ": "platzrunde", "bahn": "16/35", "hoehe_ft": 3000, "hoehe_bezug": "MSL?", "hoehe_label": "3000 ft", "hoehe_geschaetzt": false, "info": "425 m, MOGAS", "quelle": "vlflugzeuge.de/Dateien/Platzrunden.txt"}, "geometry": {"type": "Polygon", "coordinates": [[[12.981389, 49.1325], [12.974722, 49.150278], [12.960833, 49.148056], [12.981389, 49.096389], [13.0025, 49.1], [12.988333, 49.116667], [12.981389, 49.1325]]]}}, {"type": "Feature", "properties": {"name": "Arnstadt-Alkersleben", "icao": "EDBA", "typ": "platzrunde", "bahn": "2100 ft", "hoehe_ft": 2100, "hoehe_bezug": "MSL?", "hoehe_label": "2100 ft", "hoehe_geschaetzt": false, "info": null, "quelle": "vlflugzeuge.de/Dateien/Platzrunden.txt"}, "geometry": {"type": "Polygon", "coordinates": [[[11.049444, 50.8425], [11.025278, 50.843333], [11.023611, 50.826389], [11.044444, 50.820556], [11.103056, 50.818889], [11.104722, 50.840833], [11.088889, 50.841389], [11.049444, 50.8425]]]}}, {"type": "Feature", "properties": {"name": "Aschaffenburg", "icao": "EDFC", "typ": "platzrunde", "bahn": "08/26", "hoehe_ft": 1400, "hoehe_bezug": "MSL?", "hoehe_label": "1400 ft", "hoehe_geschaetzt": false, "info": "653 m, UL, MOGAS", "quelle": "vlflugzeuge.de/Dateien/Platzrunden.txt"}, "geometry": {"type": "Polygon", "coordinates": [[[9.05, 49.937778], [9.040556, 49.936667], [9.035556, 49.955278], [9.087222, 49.960833], [9.092222, 49.9425], [9.078611, 49.940833], [9.05, 49.937778]]]}}, {"type": "Feature", "properties": {"name": "Aschersleben", "icao": "EDCQ", "typ": "platzrunde", "bahn": "11/29", "hoehe_ft": 1300, "hoehe_bezug": "MSL?", "hoehe_label": "1300 ft", "hoehe_geschaetzt": false, "info": "850 m, UL", "quelle": "vlflugzeuge.de/Dateien/Platzrunden.txt"}, "geometry": {"type": "Polygon", "coordinates": [[[11.486944, 51.768056], [11.473889, 51.770833], [11.480278, 51.784167], [11.5325, 51.774444], [11.526111, 51.760833], [11.514167, 51.763056], [11.486944, 51.768056]]]}}, {"type": "Feature", "properties": {"name": "Auerbach", "icao": "EDOA", "typ": "platzrunde", "bahn": "01/19", "hoehe_ft": 2700, "hoehe_bezug": "MSL", "hoehe_label": "2700 ft MSL", "hoehe_geschaetzt": false, "info": "ASP 800mtr, UL, MOGAS", "quelle": "vlflugzeuge.de/Dateien/Platzrunden.txt"}, "geometry": {"type": "Polygon", "coordinates": [[[12.379167, 50.503333], [12.381111, 50.513611], [12.358056, 50.515278], [12.351944, 50.483056], [12.375, 50.481111], [12.377222, 50.491111], [12.379167, 50.503333]]]}}, {"type": "Feature", "properties": {"name": "Backnang-Heiningen", "icao": "EDSH", "typ": "platzrunde", "bahn": "11/29", "hoehe_ft": 1600, "hoehe_bezug": "MSL?", "hoehe_label": "1600 ft", "hoehe_geschaetzt": false, "info": "500 m, UL", "quelle": "vlflugzeuge.de/Dateien/Platzrunden.txt"}, "geometry": {"type": "Polygon", "coordinates": [[[9.438333, 48.922778], [9.442778, 48.931667], [9.473889, 48.9225], [9.471389, 48.916667], [9.438333, 48.922778]]]}}, {"type": "Feature", "properties": {"name": "Bad Berka", "icao": "EDOB", "typ": "platzrunde", "bahn": "07/25", "hoehe_ft": 2200, "hoehe_bezug": "MSL?", "hoehe_label": "2200 ft", "hoehe_geschaetzt": false, "info": "700 m, UL", "quelle": "vlflugzeuge.de/Dateien/Platzrunden.txt"}, "geometry": {"type": "Polygon", "coordinates": [[[11.238333, 50.900556], [11.231111, 50.912778], [11.285278, 50.925556], [11.2925, 50.912222], [11.238333, 50.900556]]]}}, {"type": "Feature", "properties": {"name": "Bad Ditzenbach", "icao": "EDPB", "typ": "platzrunde", "bahn": "16/34", "hoehe_ft": 3400, "hoehe_bezug": "MSL?", "hoehe_label": "3400 ft", "hoehe_geschaetzt": false, "info": "400 m, UL", "quelle": "vlflugzeuge.de/Dateien/Platzrunden.txt"}, "geometry": {"type": "Polygon", "coordinates": [[[9.739167, 48.548333], [9.721389, 48.543333], [9.703611, 48.57], [9.720556, 48.575], [9.739167, 48.548333]]]}}, {"type": "Feature", "properties": {"name": "Bad Dürkheim", "icao": "EDRF", "typ": "platzrunde", "bahn": "08/26", "hoehe_ft": 1300, "hoehe_bezug": "MSL?", "hoehe_label": "1300 ft", "hoehe_geschaetzt": false, "info": "480 m, UL", "quelle": "vlflugzeuge.de/Dateien/Platzrunden.txt"}, "geometry": {"type": "Polygon", "coordinates": [[[8.184444, 49.471111], [8.170833, 49.469167], [8.166111, 49.481944], [8.228333, 49.494722], [8.233889, 49.478611], [8.216389, 49.475833], [8.184444, 49.471111]]]}}, {"type": "Feature", "properties": {"name": "Bad Endorf Jolling", "icao": "EDPC", "typ": "platzrunde", "bahn": "16/34", "hoehe_ft": 2500, "hoehe_bezug": "MSL", "hoehe_label": "2500 ft MSL", "hoehe_geschaetzt": false, "info": "GRS 610mtr", "quelle": "vlflugzeuge.de/Dateien/Platzrunden.txt"}, "geometry": {"type": "Polygon", "coordinates": [[[12.289722, 47.921111], [12.2925, 47.915278], [12.287778, 47.909444], [12.279722, 47.9075], [12.265556, 47.936944], [12.279722, 47.940278], [12.284167, 47.931944], [12.289722, 47.921111]]]}}, {"type": "Feature", "properties": {"name": "Bad Frankenhausen", "icao": "EDOF", "typ": "platzrunde", "bahn": "08/26", "hoehe_ft": 2000, "hoehe_bezug": "MSL?", "hoehe_label": "2000 ft", "hoehe_geschaetzt": false, "info": "650 m, UL, MOGAS", "quelle": "vlflugzeuge.de/Dateien/Platzrunden.txt"}, "geometry": {"type": "Polygon", "coordinates": [[[11.156667, 51.374167], [11.185556, 51.370278], [11.189444, 51.3525], [11.111667, 51.346667], [11.1075, 51.370278], [11.156667, 51.374167]]]}}, {"type": "Feature", "properties": {"name": "Bad Gandersheim", "icao": "EDVA", "typ": "platzrunde", "bahn": "17/35", "hoehe_ft": 1800, "hoehe_bezug": "MSL", "hoehe_label": "1800 ft MSL", "hoehe_geschaetzt": false, "info": "GRS 725mtr, UL(PPR)", "quelle": "vlflugzeuge.de/Dateien/Platzrunden.txt"}, "geometry": {"type": "Polygon", "coordinates": [[[10.027222, 51.843333], [10.029444, 51.828611], [10.063056, 51.830833], [10.057778, 51.865833], [10.024167, 51.864167], [10.025, 51.858889], [10.027222, 51.843333]]]}}, {"type": "Feature", "properties": {"name": "Bad Hersfeld", "icao": "EDEN", "typ": "platzrunde", "bahn": "01/19", "hoehe_ft": 1900, "hoehe_bezug": "MSL", "hoehe_label": "1900 ft MSL", "hoehe_geschaetzt": false, "info": "ASP 670mtr", "quelle": "vlflugzeuge.de/Dateien/Platzrunden.txt"}, "geometry": {"type": "Polygon", "coordinates": [[[9.709722, 50.853333], [9.713611, 50.863889], [9.746389, 50.876667], [9.756389, 50.871111], [9.740833, 50.82], [9.701389, 50.824167], [9.705833, 50.838056], [9.709722, 50.853333]]]}}, {"type": "Feature", "properties": {"name": "Bad Kissingen", "icao": "EDFK", "typ": "platzrunde", "bahn": "17/35", "hoehe_ft": 1800, "hoehe_bezug": "MSL?", "hoehe_label": "1800 ft", "hoehe_geschaetzt": false, "info": "620 m, UL(PPR)", "quelle": "vlflugzeuge.de/Dateien/Platzrunden.txt"}, "geometry": {"type": "Polygon", "coordinates": [[[10.075556, 50.185556], [10.039167, 50.181111], [10.026111, 50.228056], [10.061944, 50.232222], [10.075556, 50.185556]]]}}, {"type": "Feature", "properties": {"name": "Bad Langensalza", "icao": "EDEB", "typ": "platzrunde", "bahn": "09/27", "hoehe_ft": 1500, "hoehe_bezug": "MSL?", "hoehe_label": "1500 ft", "hoehe_geschaetzt": false, "info": "700 m, UL", "quelle": "vlflugzeuge.de/Dateien/Platzrunden.txt"}, "geometry": {"type": "Polygon", "coordinates": [[[10.591667, 51.129167], [10.592222, 51.147222], [10.649167, 51.147222], [10.649167, 51.128611], [10.591667, 51.129167]]]}}, {"type": "Feature", "properties": {"name": "Bad Neuenahr", "icao": "EDRA", "typ": "platzrunde", "bahn": "11/29 * 1600ft * UL * MOGAS", "hoehe_ft": 1600, "hoehe_bezug": "MSL?", "hoehe_label": "1600 ft", "hoehe_geschaetzt": false, "info": "500 m, UL, MOGAS", "quelle": "vlflugzeuge.de/Dateien/Platzrunden.txt"}, "geometry": {"type": "Polygon", "coordinates": [[[7.120833, 50.561389], [7.121111, 50.577778], [7.158056, 50.571389], [7.157778, 50.555278], [7.148333, 50.556389], [7.120833, 50.561389]]]}}, {"type": "Feature", "properties": {"name": "Bad Neustadt/Saale", "icao": "EDFD", "typ": "platzrunde", "bahn": "14/32", "hoehe_ft": 2000, "hoehe_bezug": "MSL?", "hoehe_label": "2000 ft", "hoehe_geschaetzt": false, "info": "600 m, UL(PPR), MOGAS", "quelle": "vlflugzeuge.de/Dateien/Platzrunden.txt"}, "geometry": {"type": "Polygon", "coordinates": [[[10.218333, 50.311667], [10.21, 50.3175], [10.1775, 50.305556], [10.226667, 50.273056], [10.253056, 50.289167], [10.235556, 50.300278], [10.218333, 50.311667]]]}}, {"type": "Feature", "properties": {"name": "Bad Pyrmont", "icao": "EDVW", "typ": "platzrunde", "bahn": "04/22", "hoehe_ft": 2000, "hoehe_bezug": "MSL?", "hoehe_label": "2000 ft", "hoehe_geschaetzt": false, "info": "600 m, UL, MOGAS", "quelle": "vlflugzeuge.de/Dateien/Platzrunden.txt"}, "geometry": {"type": "Polygon", "coordinates": [[[9.305556, 51.975278], [9.313611, 51.981389], [9.315278, 51.981667], [9.3175, 51.981667], [9.342778, 51.967222], [9.343889, 51.965833], [9.343333, 51.964722], [9.298611, 51.943333], [9.296944, 51.943056], [9.294444, 51.943056], [9.275, 51.953611], [9.274722, 51.955], [9.275833, 51.956389], [9.283056, 51.960833], [9.305556, 51.975278]]]}}, {"type": "Feature", "properties": {"name": "Bad Sobernheim", "icao": "EDRS", "typ": "platzrunde", "bahn": "04/21", "hoehe_ft": 1800, "hoehe_bezug": "MSL?", "hoehe_label": "1800 ft", "hoehe_geschaetzt": false, "info": "600 m, UL", "quelle": "vlflugzeuge.de/Dateien/Platzrunden.txt"}, "geometry": {"type": "Polygon", "coordinates": [[[7.673611, 49.799167], [7.682778, 49.808333], [7.718333, 49.786667], [7.667222, 49.75], [7.637222, 49.768056], [7.658056, 49.784722], [7.673611, 49.799167]]]}}, {"type": "Feature", "properties": {"name": "Bad Windsheim", "icao": "EDQB", "typ": "platzrunde", "bahn": "08/26", "hoehe_ft": 2000, "hoehe_bezug": "MSL?", "hoehe_label": "2000 ft", "hoehe_geschaetzt": false, "info": "690 m, UL", "quelle": "vlflugzeuge.de/Dateien/Platzrunden.txt"}, "geometry": {"type": "Polygon", "coordinates": [[[10.352222, 49.508056], [10.348889, 49.5175], [10.380278, 49.521944], [10.383611, 49.512778], [10.352222, 49.508056]]]}}, {"type": "Feature", "properties": {"name": "Bad Woerishofen", "icao": "EDNH", "typ": "platzrunde", "bahn": "08/26", "hoehe_ft": 3000, "hoehe_bezug": "MSL", "hoehe_label": "3000 ft MSL", "hoehe_geschaetzt": false, "info": "GRS 615mtr, UL", "quelle": "vlflugzeuge.de/Dateien/Platzrunden.txt"}, "geometry": {"type": "Polygon", "coordinates": [[[10.598056, 48.015], [10.58, 48.014444], [10.563611, 48.040278], [10.566667, 48.044722], [10.643333, 48.042222], [10.648889, 48.020278], [10.632778, 48.018056], [10.598056, 48.015]]]}}, {"type": "Feature", "properties": {"name": "Baden Oos", "icao": "EDTB", "typ": "platzrunde", "bahn": "03/21", "hoehe_ft": 1000, "hoehe_bezug": "MSL", "hoehe_label": "1000 ft MSL", "hoehe_geschaetzt": false, "info": "GRS 790mtr", "quelle": "vlflugzeuge.de/Dateien/Platzrunden.txt"}, "geometry": {"type": "Polygon", "coordinates": [[[8.180833, 48.788889], [8.174722, 48.783056], [8.16, 48.79], [8.183333, 48.807222], [8.194722, 48.801944], [8.190278, 48.798056], [8.180833, 48.788889]]]}}, {"type": "Feature", "properties": {"name": "Ballenstedt", "icao": "EDCB", "typ": "platzrunde", "bahn": "09/27", "hoehe_ft": 1300, "hoehe_bezug": "MSL?", "hoehe_label": "1300 ft", "hoehe_geschaetzt": false, "info": "500 m, UL", "quelle": "vlflugzeuge.de/Dateien/Platzrunden.txt"}, "geometry": {"type": "Polygon", "coordinates": [[[11.216667, 51.745], [11.201389, 51.745], [11.201111, 51.758333], [11.261389, 51.758333], [11.261667, 51.745278], [11.245556, 51.745278], [11.216667, 51.745]]]}}, {"type": "Feature", "properties": {"name": "Baltrum", "icao": "EDWZ", "typ": "platzrunde", "bahn": "09/27", "hoehe_ft": 800, "hoehe_bezug": "MSL", "hoehe_label": "800 ft MSL", "hoehe_geschaetzt": false, "info": "BRK 425mtr,UL,Verbundsteine!", "quelle": "vlflugzeuge.de/Dateien/Platzrunden.txt"}, "geometry": {"type": "Polygon", "coordinates": [[[7.363611, 53.725278], [7.349722, 53.725833], [7.3475, 53.724722], [7.346111, 53.714167], [7.347778, 53.7125], [7.394444, 53.71], [7.396667, 53.711111], [7.398056, 53.721944], [7.395833, 53.723611], [7.380556, 53.724444], [7.363611, 53.725278]]]}}, {"type": "Feature", "properties": {"name": "Bamberg Breitenau", "icao": "EDQA", "typ": "platzrunde", "bahn": "03/21", "hoehe_ft": 1700, "hoehe_bezug": "MSL", "hoehe_label": "1700 ft MSL", "hoehe_geschaetzt": false, "info": "ASP 1012mtr", "quelle": "vlflugzeuge.de/Dateien/Platzrunden.txt"}, "geometry": {"type": "Polygon", "coordinates": [[[10.929722, 49.933333], [10.946111, 49.947778], [10.920833, 49.959722], [10.903056, 49.945833], [10.8825, 49.913333], [10.898611, 49.906667], [10.903611, 49.911389], [10.929722, 49.933333]]]}}, {"type": "Feature", "properties": {"name": "Bamberg Breitenau In", "icao": "EDQA", "typ": "strecke", "bahn": "140 Degr", "hoehe_ft": 1700, "hoehe_bezug": "MSL", "hoehe_label": "1700 ft MSL", "hoehe_geschaetzt": false, "info": "inbound", "quelle": "vlflugzeuge.de/Dateien/Platzrunden.txt"}, "geometry": {"type": "LineString", "coordinates": [[10.889722, 49.955833], [10.902778, 49.945833]]}}, {"type": "Feature", "properties": {"name": "Barssel", "icao": "EDXL", "typ": "platzrunde", "bahn": "12/30", "hoehe_ft": 800, "hoehe_bezug": "MSL", "hoehe_label": "800 ft MSL", "hoehe_geschaetzt": false, "info": "GRS 600mtr, UL(PPR)", "quelle": "vlflugzeuge.de/Dateien/Platzrunden.txt"}, "geometry": {"type": "Polygon", "coordinates": [[[7.785278, 53.166667], [7.775556, 53.17], [7.785833, 53.180556], [7.826111, 53.166667], [7.815556, 53.156111], [7.803056, 53.160556], [7.785278, 53.166667]]]}}, {"type": "Feature", "properties": {"name": "Barth", "icao": "EDBH", "typ": "platzrunde", "bahn": "09/27", "hoehe_ft": 800, "hoehe_bezug": "MSL", "hoehe_label": "800 ft MSL", "hoehe_geschaetzt": false, "info": "ASP 1385mtr, UL", "quelle": "vlflugzeuge.de/Dateien/Platzrunden.txt"}, "geometry": {"type": "Polygon", "coordinates": [[[12.723611, 54.338333], [12.746389, 54.338333], [12.746389, 54.320556], [12.672222, 54.320556], [12.672222, 54.338333], [12.692222, 54.338333], [12.723611, 54.338333]]]}}, {"type": "Feature", "properties": {"name": "Bautzen", "icao": "EDAB", "typ": "platzrunde", "bahn": "07/25", "hoehe_ft": 1300, "hoehe_bezug": "MSL", "hoehe_label": "1300 ft MSL", "hoehe_geschaetzt": false, "info": "CON 2200mtr GRS 1000mtr, UL", "quelle": "vlflugzeuge.de/Dateien/Platzrunden.txt"}, "geometry": {"type": "Polygon", "coordinates": [[[14.5375, 51.196389], [14.553056, 51.199167], [14.546667, 51.2125], [14.478889, 51.2], [14.484722, 51.186944], [14.501111, 51.19], [14.5375, 51.196389]]]}}, {"type": "Feature", "properties": {"name": "Bayreuth", "icao": "EDQD", "typ": "platzrunde", "bahn": "06/24", "hoehe_ft": 2500, "hoehe_bezug": "MSL?", "hoehe_label": "2500 ft", "hoehe_geschaetzt": false, "info": "1034 m, UL(PPR)", "quelle": "vlflugzeuge.de/Dateien/Platzrunden.txt"}, "geometry": {"type": "Polygon", "coordinates": [[[11.668889, 49.995556], [11.65, 50.016944], [11.592222, 49.995278], [11.611389, 49.973889], [11.6175, 49.976111], [11.634167, 49.9575], [11.691667, 49.978889], [11.674722, 49.9975], [11.656667, 49.990833], [11.668889, 49.995556]]]}}, {"type": "Feature", "properties": {"name": "Beilngries", "icao": "EDNC", "typ": "platzrunde", "bahn": "10/28", "hoehe_ft": 2800, "hoehe_bezug": "MSL?", "hoehe_label": "2800 ft", "hoehe_geschaetzt": false, "info": "600 m, UL", "quelle": "vlflugzeuge.de/Dateien/Platzrunden.txt"}, "geometry": {"type": "Polygon", "coordinates": [[[11.433889, 49.0275], [11.4425, 49.055278], [11.518056, 49.045556], [11.510556, 49.017778], [11.433889, 49.0275]]]}}, {"type": "Feature", "properties": {"name": "Bergneustadt/Dümpel", "icao": "EDKF", "typ": "platzrunde", "bahn": "04/22", "hoehe_ft": 2500, "hoehe_bezug": "MSL?", "hoehe_label": "2500 ft", "hoehe_geschaetzt": false, "info": "600 m, MOGAS", "quelle": "vlflugzeuge.de/Dateien/Platzrunden.txt"}, "geometry": {"type": "Polygon", "coordinates": [[[7.714167, 51.057778], [7.719722, 51.0625], [7.709444, 51.067778], [7.683611, 51.047222], [7.694167, 51.041944], [7.699167, 51.045556], [7.714167, 51.057778]]]}}, {"type": "Feature", "properties": {"name": "Betzdorf-Kirchen", "icao": "EDKI", "typ": "platzrunde", "bahn": "08/26", "hoehe_ft": 1900, "hoehe_bezug": "MSL?", "hoehe_label": "1900 ft", "hoehe_geschaetzt": false, "info": "500 m, UL(PPR), MOGAS", "quelle": "vlflugzeuge.de/Dateien/Platzrunden.txt"}, "geometry": {"type": "Polygon", "coordinates": [[[7.816389, 50.815278], [7.7975, 50.813056], [7.801111, 50.801389], [7.853889, 50.808056], [7.849722, 50.819444], [7.816389, 50.815278]]]}}, {"type": "Feature", "properties": {"name": "Biberach", "icao": "EDMB", "typ": "platzrunde", "bahn": "04/22", "hoehe_ft": 2700, "hoehe_bezug": "MSL?", "hoehe_label": "2700 ft", "hoehe_geschaetzt": false, "info": "780 m", "quelle": "vlflugzeuge.de/Dateien/Platzrunden.txt"}, "geometry": {"type": "Polygon", "coordinates": [[[9.772778, 48.118889], [9.778056, 48.123333], [9.778333, 48.134722], [9.756944, 48.146389], [9.713056, 48.111389], [9.741667, 48.095], [9.750833, 48.101667], [9.772778, 48.118889]]]}}, {"type": "Feature", "properties": {"name": "Bielefeld", "icao": "EDLI", "typ": "platzrunde", "bahn": "11/29", "hoehe_ft": 1400, "hoehe_bezug": "MSL?", "hoehe_label": "1400 ft", "hoehe_geschaetzt": false, "info": "866 m, UL(PPR), MOGAS", "quelle": "vlflugzeuge.de/Dateien/Platzrunden.txt"}, "geometry": {"type": "Polygon", "coordinates": [[[8.561667, 51.961111], [8.568056, 51.959722], [8.569722, 51.958889], [8.570278, 51.958056], [8.57, 51.956944], [8.561111, 51.942222], [8.56, 51.941389], [8.558333, 51.941111], [8.556944, 51.941389], [8.510833, 51.951944], [8.509722, 51.9525], [8.509167, 51.953611], [8.509444, 51.954444], [8.518889, 51.969444], [8.519722, 51.97], [8.521389, 51.970278], [8.5225, 51.97], [8.530556, 51.968333], [8.561667, 51.961111]]]}}, {"type": "Feature", "properties": {"name": "Bienenfarm", "icao": "EDOI", "typ": "platzrunde", "bahn": "12/30", "hoehe_ft": 900, "hoehe_bezug": "MSL?", "hoehe_label": "900 ft", "hoehe_geschaetzt": false, "info": "850 m, UL, MOGAS", "quelle": "vlflugzeuge.de/Dateien/Platzrunden.txt"}, "geometry": {"type": "Polygon", "coordinates": [[[12.719167, 52.669722], [12.733056, 52.683889], [12.786667, 52.665278], [12.773333, 52.651111], [12.719167, 52.669722]]]}}, {"type": "Feature", "properties": {"name": "Binningen", "icao": "EDSI", "typ": "platzrunde", "bahn": "07/25", "hoehe_ft": 2500, "hoehe_bezug": "MSL?", "hoehe_label": "2500 ft", "hoehe_geschaetzt": false, "info": "777 m, UL", "quelle": "vlflugzeuge.de/Dateien/Platzrunden.txt"}, "geometry": {"type": "Polygon", "coordinates": [[[8.691667, 47.791389], [8.683333, 47.803889], [8.728611, 47.8175], [8.736944, 47.804722], [8.691667, 47.791389]]]}}, {"type": "Feature", "properties": {"name": "Bitburg", "icao": "EDRB", "typ": "platzrunde", "bahn": "06/24", "hoehe_ft": 2200, "hoehe_bezug": "MSL?", "hoehe_label": "2200 ft", "hoehe_geschaetzt": false, "info": "2756 m, UL", "quelle": "vlflugzeuge.de/Dateien/Platzrunden.txt"}, "geometry": {"type": "Polygon", "coordinates": [[[6.532222, 49.930278], [6.520556, 49.940556], [6.579444, 49.966389], [6.590278, 49.956667], [6.532222, 49.930278]]]}}, {"type": "Feature", "properties": {"name": "Blaubeuren", "icao": "EDMC", "typ": "platzrunde", "bahn": "10/28", "hoehe_ft": 3000, "hoehe_bezug": "MSL?", "hoehe_label": "3000 ft", "hoehe_geschaetzt": false, "info": "556 m, UL, MOGAS", "quelle": "vlflugzeuge.de/Dateien/Platzrunden.txt"}, "geometry": {"type": "Polygon", "coordinates": [[[9.818611, 48.4175], [9.821111, 48.428889], [9.780556, 48.433611], [9.777222, 48.422222], [9.818611, 48.4175]]]}}, {"type": "Feature", "properties": {"name": "Blexen", "icao": "EDWT", "typ": "platzrunde", "bahn": "09/27", "hoehe_ft": 1000, "hoehe_bezug": "MSL", "hoehe_label": "1000 ft MSL", "hoehe_geschaetzt": false, "info": "GRS 900mtr", "quelle": "vlflugzeuge.de/Dateien/Platzrunden.txt"}, "geometry": {"type": "Polygon", "coordinates": [[[8.55, 53.538056], [8.556111, 53.537778], [8.555556, 53.531389], [8.52, 53.532222], [8.520278, 53.538611], [8.526111, 53.538611], [8.55, 53.538056]]]}}, {"type": "Feature", "properties": {"name": "Blomberg Borkhausen", "icao": "EDVF", "typ": "platzrunde", "bahn": "06/24", "hoehe_ft": 1600, "hoehe_bezug": "MSL", "hoehe_label": "1600 ft MSL", "hoehe_geschaetzt": false, "info": "GRS 595mtr, UL(PPR)", "quelle": "vlflugzeuge.de/Dateien/Platzrunden.txt"}, "geometry": {"type": "Polygon", "coordinates": [[[9.128333, 51.923056], [9.141111, 51.927222], [9.1425, 51.930278], [9.131111, 51.944167], [9.125833, 51.945], [9.071667, 51.928056], [9.069167, 51.924167], [9.080556, 51.910556], [9.086111, 51.909722], [9.1025, 51.915], [9.128333, 51.923056]]]}}, {"type": "Feature", "properties": {"name": "Blumberg", "icao": "EDSL", "typ": "platzrunde", "bahn": "07/25", "hoehe_ft": 3300, "hoehe_bezug": "MSL?", "hoehe_label": "3300 ft", "hoehe_geschaetzt": false, "info": "605 m", "quelle": "vlflugzeuge.de/Dateien/Platzrunden.txt"}, "geometry": {"type": "Polygon", "coordinates": [[[8.542222, 47.836944], [8.548056, 47.828889], [8.600833, 47.844444], [8.594722, 47.852778], [8.579722, 47.848333], [8.542222, 47.836944]]]}}, {"type": "Feature", "properties": {"name": "Boehlen", "icao": "EDOE", "typ": "platzrunde", "bahn": "06/24 11/29", "hoehe_ft": 1300, "hoehe_bezug": "MSL?", "hoehe_label": "1300 ft", "hoehe_geschaetzt": false, "info": "700 m, UL", "quelle": "vlflugzeuge.de/Dateien/Platzrunden.txt"}, "geometry": {"type": "Polygon", "coordinates": [[[12.386111, 51.221667], [12.396111, 51.226111], [12.396111, 51.240278], [12.393611, 51.2425], [12.346389, 51.243056], [12.2975, 51.226111], [12.323056, 51.199167], [12.349167, 51.208611], [12.386111, 51.221667]]]}}, {"type": "Feature", "properties": {"name": "Bohmte-Bad Essen", "icao": "EDXD", "typ": "platzrunde", "bahn": "10/28", "hoehe_ft": 700, "hoehe_bezug": "MSL", "hoehe_label": "700 ft MSL", "hoehe_geschaetzt": false, "info": "GRS 580mtr, UL(PPR), MOGAS", "quelle": "vlflugzeuge.de/Dateien/Platzrunden.txt"}, "geometry": {"type": "Polygon", "coordinates": [[[8.335556, 52.349722], [8.340833, 52.348889], [8.338611, 52.344167], [8.315, 52.348056], [8.316944, 52.3525], [8.320278, 52.351944], [8.335556, 52.349722]]]}}, {"type": "Feature", "properties": {"name": "Bonn-Hangelar", "icao": "EDKB", "typ": "platzrunde", "bahn": "11/29", "hoehe_ft": 1150, "hoehe_bezug": "MSL", "hoehe_label": "1150 ft MSL", "hoehe_geschaetzt": false, "info": "ASP 800mtr, UL, MOGAS", "quelle": "vlflugzeuge.de/Dateien/Platzrunden.txt"}, "geometry": {"type": "Polygon", "coordinates": [[[7.178611, 50.765278], [7.196111, 50.761111], [7.197778, 50.759444], [7.193333, 50.7525], [7.171667, 50.746389], [7.139167, 50.754167], [7.133333, 50.765], [7.138889, 50.773611], [7.141667, 50.774167], [7.149444, 50.7725], [7.178611, 50.765278]]]}}, {"type": "Feature", "properties": {"name": "Bopfingen", "icao": "EDNQ", "typ": "platzrunde", "bahn": "07/25", "hoehe_ft": 2700, "hoehe_bezug": "MSL?", "hoehe_label": "2700 ft", "hoehe_geschaetzt": false, "info": "620 m, UL", "quelle": "vlflugzeuge.de/Dateien/Platzrunden.txt"}, "geometry": {"type": "Polygon", "coordinates": [[[10.345, 48.851389], [10.351389, 48.840833], [10.319167, 48.832222], [10.3125, 48.8425], [10.345, 48.851389]]]}}, {"type": "Feature", "properties": {"name": "Borkenberge", "icao": "EDLB", "typ": "platzrunde", "bahn": "08/26", "hoehe_ft": 1200, "hoehe_bezug": "MSL?", "hoehe_label": "1200 ft", "hoehe_geschaetzt": false, "info": "456 m, UL(PPR), MOGAS", "quelle": "vlflugzeuge.de/Dateien/Platzrunden.txt"}, "geometry": {"type": "Polygon", "coordinates": [[[7.306667, 51.782222], [7.311389, 51.783056], [7.313056, 51.784167], [7.312778, 51.785278], [7.307778, 51.796944], [7.306944, 51.797778], [7.304444, 51.798056], [7.248056, 51.788611], [7.246389, 51.788056], [7.245556, 51.786667], [7.246111, 51.785278], [7.250833, 51.774444], [7.251667, 51.773611], [7.253889, 51.773333], [7.256389, 51.773611], [7.269444, 51.775833], [7.306667, 51.782222]]]}}, {"type": "Feature", "properties": {"name": "Bottenhorn", "icao": "EDGT", "typ": "platzrunde", "bahn": "10/28", "hoehe_ft": 2700, "hoehe_bezug": "MSL", "hoehe_label": "2700 ft MSL", "hoehe_geschaetzt": false, "info": "GRS 525mtr 28 only", "quelle": "vlflugzeuge.de/Dateien/Platzrunden.txt"}, "geometry": {"type": "Polygon", "coordinates": [[[8.469444, 50.793611], [8.491111, 50.790833], [8.488333, 50.783333], [8.459722, 50.787222], [8.469444, 50.793611]]]}}, {"type": "Feature", "properties": {"name": "Brandenburg Muehlenfeld", "icao": "EDBE", "typ": "platzrunde", "bahn": "10/28", "hoehe_ft": 1000, "hoehe_bezug": "MSL", "hoehe_label": "1000 ft MSL", "hoehe_geschaetzt": false, "info": "GRS 730mtr", "quelle": "vlflugzeuge.de/Dateien/Platzrunden.txt"}, "geometry": {"type": "Polygon", "coordinates": [[[12.583333, 52.438333], [12.565278, 52.440278], [12.568889, 52.452222], [12.617778, 52.446944], [12.614444, 52.435], [12.6, 52.436389], [12.583333, 52.438333]]]}}, {"type": "Feature", "properties": {"name": "Breitscheid", "icao": "EDGB", "typ": "platzrunde", "bahn": "07/25", "hoehe_ft": 2700, "hoehe_bezug": "MSL?", "hoehe_label": "2700 ft", "hoehe_geschaetzt": false, "info": "900 m, UL", "quelle": "vlflugzeuge.de/Dateien/Platzrunden.txt"}, "geometry": {"type": "Polygon", "coordinates": [[[8.149167, 50.673333], [8.133889, 50.670556], [8.131944, 50.6675], [8.143611, 50.642222], [8.148333, 50.640556], [8.209167, 50.651944], [8.211389, 50.654444], [8.201389, 50.676389], [8.196944, 50.678611], [8.187222, 50.678611], [8.149167, 50.673333]]]}}, {"type": "Feature", "properties": {"name": "Bremerhaven", "icao": "EDWB", "typ": "platzrunde", "bahn": "16/34 07/25", "hoehe_ft": 1000, "hoehe_bezug": "MSL?", "hoehe_label": "1000 ft", "hoehe_geschaetzt": false, "info": "1115 m, UL(PPR)", "quelle": "vlflugzeuge.de/Dateien/Platzrunden.txt"}, "geometry": {"type": "Polygon", "coordinates": [[[8.568611, 53.515833], [8.563889, 53.524167], [8.538056, 53.513611], [8.5525, 53.483611], [8.582222, 53.488333], [8.568611, 53.515833]]]}}, {"type": "Feature", "properties": {"name": "Bremgarten", "icao": "EDTG", "typ": "platzrunde", "bahn": "05/23", "hoehe_ft": 1500, "hoehe_bezug": "MSL", "hoehe_label": "1500 ft MSL", "hoehe_geschaetzt": false, "info": "ASP 1737mtr, UL, MOGAS", "quelle": "vlflugzeuge.de/Dateien/Platzrunden.txt"}, "geometry": {"type": "Polygon", "coordinates": [[[7.599167, 47.894444], [7.610556, 47.883611], [7.649167, 47.903056], [7.638056, 47.913333], [7.599167, 47.894444]]]}}, {"type": "Feature", "properties": {"name": "Brilon", "icao": "EDKO", "typ": "platzrunde", "bahn": "07/25", "hoehe_ft": 2500, "hoehe_bezug": "MSL?", "hoehe_label": "2500 ft", "hoehe_geschaetzt": false, "info": "600 m, UL", "quelle": "vlflugzeuge.de/Dateien/Platzrunden.txt"}, "geometry": {"type": "Polygon", "coordinates": [[[8.630278, 51.399167], [8.621111, 51.392778], [8.620278, 51.391944], [8.620278, 51.390833], [8.623889, 51.385278], [8.625556, 51.384444], [8.627778, 51.384722], [8.676111, 51.396667], [8.677222, 51.397778], [8.677222, 51.398889], [8.671111, 51.408611], [8.669722, 51.409167], [8.667778, 51.409444], [8.658611, 51.407222], [8.630278, 51.399167]]]}}, {"type": "Feature", "properties": {"name": "Bronkow", "icao": "EDBQ", "typ": "platzrunde", "bahn": "08/26 12/30", "hoehe_ft": 1200, "hoehe_bezug": "MSL?", "hoehe_label": "1200 ft", "hoehe_geschaetzt": false, "info": "644 m, UL", "quelle": "vlflugzeuge.de/Dateien/Platzrunden.txt"}, "geometry": {"type": "Polygon", "coordinates": [[[13.972778, 51.673056], [13.982222, 51.674722], [13.9775, 51.686389], [13.936389, 51.680556], [13.940556, 51.668611], [13.948889, 51.669444], [13.972778, 51.673056]]]}}, {"type": "Feature", "properties": {"name": "Bruchsal", "icao": "EDTC", "typ": "platzrunde", "bahn": "12/30", "hoehe_ft": 1000, "hoehe_bezug": "MSL?", "hoehe_label": "1000 ft", "hoehe_geschaetzt": false, "info": "500 m", "quelle": "vlflugzeuge.de/Dateien/Platzrunden.txt"}, "geometry": {"type": "Polygon", "coordinates": [[[8.554722, 49.138056], [8.551944, 49.146944], [8.555278, 49.148611], [8.587222, 49.14], [8.576389, 49.130556], [8.571944, 49.131944], [8.554722, 49.138056]]]}}, {"type": "Feature", "properties": {"name": "Burg Feuerstein", "icao": "EDQE", "typ": "platzrunde", "bahn": "08/26", "hoehe_ft": 2400, "hoehe_bezug": "MSL?", "hoehe_label": "2400 ft", "hoehe_geschaetzt": false, "info": "863 m, UL(PPR), MOGAS", "quelle": "vlflugzeuge.de/Dateien/Platzrunden.txt"}, "geometry": {"type": "Polygon", "coordinates": [[[11.118889, 49.793056], [11.100278, 49.791944], [11.096944, 49.8125], [11.158333, 49.815833], [11.161111, 49.795278], [11.145556, 49.794444], [11.118889, 49.793056]]]}}, {"type": "Feature", "properties": {"name": "Burg", "icao": "EDBG", "typ": "platzrunde", "bahn": "09/27", "hoehe_ft": 1000, "hoehe_bezug": "MSL?", "hoehe_label": "1000 ft", "hoehe_geschaetzt": false, "info": "850 m, UL, MOGAS", "quelle": "vlflugzeuge.de/Dateien/Platzrunden.txt"}, "geometry": {"type": "Polygon", "coordinates": [[[11.827222, 52.241389], [11.827778, 52.226389], [11.886667, 52.226667], [11.886667, 52.241667], [11.827222, 52.241389]]]}}, {"type": "Feature", "properties": {"name": "Celle-Arloh", "icao": "EDVC", "typ": "platzrunde", "bahn": "04/22", "hoehe_ft": 1000, "hoehe_bezug": "MSL", "hoehe_label": "1000 ft MSL", "hoehe_geschaetzt": false, "info": "GRS 800mtr, UL(PPR)", "quelle": "vlflugzeuge.de/Dateien/Platzrunden.txt"}, "geometry": {"type": "Polygon", "coordinates": [[[10.105278, 52.683333], [10.089722, 52.673611], [10.079167, 52.680278], [10.078333, 52.689722], [10.116389, 52.713333], [10.134722, 52.701667], [10.119167, 52.691667], [10.105278, 52.683333]]]}}, {"type": "Feature", "properties": {"name": "Chemnitz-Jahnsdorf", "icao": "EDCJ", "typ": "platzrunde", "bahn": "07/25", "hoehe_ft": 2100, "hoehe_bezug": "MSL", "hoehe_label": "2100 ft MSL", "hoehe_geschaetzt": false, "info": "ASP 900mtr GRS 830mtr, UL(PPR)", "quelle": "vlflugzeuge.de/Dateien/Platzrunden.txt"}, "geometry": {"type": "Polygon", "coordinates": [[[12.829444, 50.746111], [12.8125, 50.7425], [12.804722, 50.756667], [12.852778, 50.766667], [12.860278, 50.752778], [12.844444, 50.749444], [12.829444, 50.746111]]]}}, {"type": "Feature", "properties": {"name": "Coburg Brandensteinsbene", "icao": "EDQC", "typ": "platzrunde", "bahn": "12/30", "hoehe_ft": 2400, "hoehe_bezug": "MSL?", "hoehe_label": "2400 ft", "hoehe_geschaetzt": false, "info": "860 m, UL(PPR)", "quelle": "vlflugzeuge.de/Dateien/Platzrunden.txt"}, "geometry": {"type": "Polygon", "coordinates": [[[11.037222, 50.247778], [11.058333, 50.272778], [10.988889, 50.298333], [10.966111, 50.274167], [11.037222, 50.247778]]]}}, {"type": "Feature", "properties": {"name": "Coburg Steinruecken", "icao": "EDQY", "typ": "platzrunde", "bahn": "07/25", "hoehe_ft": 2000, "hoehe_bezug": "MSL", "hoehe_label": "2000 ft MSL", "hoehe_geschaetzt": false, "info": "GRS 700mtr, UL(PPR), MOGAS", "quelle": "vlflugzeuge.de/Dateien/Platzrunden.txt"}, "geometry": {"type": "Polygon", "coordinates": [[[10.958056, 50.221667], [10.97, 50.199722], [11.0475, 50.216667], [11.035556, 50.238611], [10.958056, 50.221667]]]}}, {"type": "Feature", "properties": {"name": "Cottbus Drewitz", "icao": "EDCD", "typ": "platzrunde", "bahn": "07/25", "hoehe_ft": 1100, "hoehe_bezug": "MSL?", "hoehe_label": "1100 ft", "hoehe_geschaetzt": false, "info": "2484 m, UL", "quelle": "vlflugzeuge.de/Dateien/Platzrunden.txt"}, "geometry": {"type": "Polygon", "coordinates": [[[14.563333, 51.8975], [14.554444, 51.911667], [14.49, 51.896389], [14.498889, 51.882222], [14.563333, 51.8975]]]}}, {"type": "Feature", "properties": {"name": "Dachau Groebenried", "icao": "EDMD", "typ": "platzrunde", "bahn": "10/28", "hoehe_ft": 2500, "hoehe_bezug": "MSL?", "hoehe_label": "2500 ft", "hoehe_geschaetzt": false, "info": "420 m", "quelle": "vlflugzeuge.de/Dateien/Platzrunden.txt"}, "geometry": {"type": "Polygon", "coordinates": [[[11.447778, 48.225556], [11.45, 48.236111], [11.403056, 48.241667], [11.4, 48.231667], [11.447778, 48.225556]]]}}, {"type": "Feature", "properties": {"name": "Dahlemer Binz", "icao": "EDKV", "typ": "platzrunde", "bahn": "06/24", "hoehe_ft": 2900, "hoehe_bezug": "MSL?", "hoehe_label": "2900 ft", "hoehe_geschaetzt": false, "info": "800 m, UL, MOGAS", "quelle": "vlflugzeuge.de/Dateien/Platzrunden.txt"}, "geometry": {"type": "Polygon", "coordinates": [[[6.515, 50.399722], [6.504444, 50.395], [6.517222, 50.383611], [6.560278, 50.4025], [6.548056, 50.413889], [6.541667, 50.411389], [6.5475, 50.414444], [6.535556, 50.426111], [6.492222, 50.406944], [6.503611, 50.396111], [6.515, 50.399722]]]}}, {"type": "Feature", "properties": {"name": "Damme", "icao": "EDWC", "typ": "platzrunde", "bahn": "10/28", "hoehe_ft": 1000, "hoehe_bezug": "MSL", "hoehe_label": "1000 ft MSL", "hoehe_geschaetzt": false, "info": "ASP 700mtr, UL, MOGAS", "quelle": "vlflugzeuge.de/Dateien/Platzrunden.txt"}, "geometry": {"type": "Polygon", "coordinates": [[[8.196111, 52.485833], [8.209444, 52.483611], [8.21, 52.481944], [8.205278, 52.471389], [8.202778, 52.470833], [8.154722, 52.478611], [8.153611, 52.480278], [8.157778, 52.490556], [8.160833, 52.491389], [8.173333, 52.489444], [8.196111, 52.485833]]]}}, {"type": "Feature", "properties": {"name": "Dedelow", "icao": "EDBD", "typ": "platzrunde", "bahn": "10/28", "hoehe_ft": 1000, "hoehe_bezug": "MSL?", "hoehe_label": "1000 ft", "hoehe_geschaetzt": false, "info": "866 m, UL", "quelle": "vlflugzeuge.de/Dateien/Platzrunden.txt"}, "geometry": {"type": "Polygon", "coordinates": [[[13.816111, 53.351389], [13.811944, 53.339444], [13.750278, 53.346667], [13.753611, 53.358611], [13.816111, 53.351389]]]}}, {"type": "Feature", "properties": {"name": "Deggendorf", "icao": "EDMW", "typ": "platzrunde", "bahn": "09/27", "hoehe_ft": 2000, "hoehe_bezug": "MSL?", "hoehe_label": "2000 ft", "hoehe_geschaetzt": false, "info": "550 m, UL, MOGAS", "quelle": "vlflugzeuge.de/Dateien/Platzrunden.txt"}, "geometry": {"type": "Polygon", "coordinates": [[[12.894167, 48.831111], [12.908611, 48.831111], [12.908333, 48.840278], [12.851667, 48.839722], [12.852222, 48.830833], [12.866667, 48.830833], [12.894167, 48.831111]]]}}, {"type": "Feature", "properties": {"name": "Dessau", "icao": "EDAD", "typ": "platzrunde", "bahn": "09/27", "hoehe_ft": 1200, "hoehe_bezug": "MSL?", "hoehe_label": "1200 ft", "hoehe_geschaetzt": false, "info": "1000 m, UL", "quelle": "vlflugzeuge.de/Dateien/Platzrunden.txt"}, "geometry": {"type": "Polygon", "coordinates": [[[12.170556, 51.831667], [12.150833, 51.831389], [12.151111, 51.819444], [12.215556, 51.803333], [12.215556, 51.831389], [12.202778, 51.831667], [12.170556, 51.831667]]]}}, {"type": "Feature", "properties": {"name": "Detmold", "icao": "EDLJ", "typ": "platzrunde", "bahn": "09/27", "hoehe_ft": 1800, "hoehe_bezug": "MSL", "hoehe_label": "1800 ft MSL", "hoehe_geschaetzt": false, "info": "ASP 360mtr", "quelle": "vlflugzeuge.de/Dateien/Platzrunden.txt"}, "geometry": {"type": "Polygon", "coordinates": [[[8.852222, 51.975278], [8.852222, 51.940833], [8.943056, 51.940833], [8.943056, 51.975278], [8.852222, 51.975278]]]}}, {"type": "Feature", "properties": {"name": "Dierdorf-Wienau", "icao": "EDRW", "typ": "platzrunde", "bahn": "07/25", "hoehe_ft": 1800, "hoehe_bezug": "MSL?", "hoehe_label": "1800 ft", "hoehe_geschaetzt": false, "info": "520 m, UL, MOGAS", "quelle": "vlflugzeuge.de/Dateien/Platzrunden.txt"}, "geometry": {"type": "Polygon", "coordinates": [[[7.620556, 50.558889], [7.610833, 50.576944], [7.671389, 50.590833], [7.6875, 50.561389], [7.626944, 50.547778], [7.620556, 50.558889], [7.678611, 50.572222], [7.620556, 50.558889]]]}}, {"type": "Feature", "properties": {"name": "Dingolfing", "icao": "EDPD", "typ": "platzrunde", "bahn": "08/26", "hoehe_ft": 2500, "hoehe_bezug": "MSL?", "hoehe_label": "2500 ft", "hoehe_geschaetzt": false, "info": "500 m, UL", "quelle": "vlflugzeuge.de/Dateien/Platzrunden.txt"}, "geometry": {"type": "Polygon", "coordinates": [[[12.4875, 48.655278], [12.447778, 48.655833], [12.4375, 48.684722], [12.527222, 48.693611], [12.537778, 48.662778], [12.4875, 48.655278]]]}}, {"type": "Feature", "properties": {"name": "Dinkelsbuehl", "icao": "EDND", "typ": "platzrunde", "bahn": "09/27", "hoehe_ft": 2300, "hoehe_bezug": "MSL?", "hoehe_label": "2300 ft", "hoehe_geschaetzt": false, "info": "700 m, UL", "quelle": "vlflugzeuge.de/Dateien/Platzrunden.txt"}, "geometry": {"type": "Polygon", "coordinates": [[[10.393056, 49.065278], [10.374722, 49.069444], [10.374444, 49.080556], [10.426667, 49.08], [10.426389, 49.067222], [10.413611, 49.064722], [10.393056, 49.065278]]]}}, {"type": "Feature", "properties": {"name": "Dinslaken Schwarze Heide", "icao": "EDLD", "typ": "platzrunde", "bahn": "08/26", "hoehe_ft": 1200, "hoehe_bezug": "MSL", "hoehe_label": "1200 ft MSL", "hoehe_geschaetzt": false, "info": "ASP 1400mtr", "quelle": "vlflugzeuge.de/Dateien/Platzrunden.txt"}, "geometry": {"type": "Polygon", "coordinates": [[[6.875833, 51.616667], [6.886111, 51.617222], [6.888333, 51.601667], [6.8325, 51.598611], [6.830278, 51.614167], [6.846667, 51.615278], [6.875833, 51.616667]]]}}, {"type": "Feature", "properties": {"name": "Donaueschingen", "icao": "EDTD", "typ": "platzrunde", "bahn": "18/36", "hoehe_ft": 2200, "hoehe_bezug": "MSL?", "hoehe_label": "2200 ft", "hoehe_geschaetzt": false, "info": "1200 m, UL(PPR)", "quelle": "vlflugzeuge.de/Dateien/Platzrunden.txt"}, "geometry": {"type": "Polygon", "coordinates": [[[8.52, 47.966944], [8.5075, 47.966667], [8.493889, 47.973056], [8.492778, 47.993611], [8.520556, 47.994722], [8.521389, 47.988056], [8.52, 47.966944]]]}}, {"type": "Feature", "properties": {"name": "Donauwoerth", "icao": "EDMQ", "typ": "platzrunde", "bahn": "09/27", "hoehe_ft": 2000, "hoehe_bezug": "MSL?", "hoehe_label": "2000 ft", "hoehe_geschaetzt": false, "info": "530 m, UL, MOGAS", "quelle": "vlflugzeuge.de/Dateien/Platzrunden.txt"}, "geometry": {"type": "Polygon", "coordinates": [[[10.832778, 48.703889], [10.831667, 48.714444], [10.867222, 48.715556], [10.868333, 48.705], [10.832778, 48.703889]]]}}, {"type": "Feature", "properties": {"name": "Donzdorf", "icao": "EDPM", "typ": "platzrunde", "bahn": "09/27", "hoehe_ft": 3100, "hoehe_bezug": "MSL?", "hoehe_label": "3100 ft", "hoehe_geschaetzt": false, "info": "600 m, UL", "quelle": "vlflugzeuge.de/Dateien/Platzrunden.txt"}, "geometry": {"type": "Polygon", "coordinates": [[[9.824167, 48.676667], [9.824444, 48.668889], [9.869722, 48.669444], [9.869722, 48.677222], [9.824167, 48.676667]]]}}, {"type": "Feature", "properties": {"name": "Ebern-Sendelbach", "icao": "EDQR", "typ": "platzrunde", "bahn": "14/32", "hoehe_ft": 1800, "hoehe_bezug": "MSL?", "hoehe_label": "1800 ft", "hoehe_geschaetzt": false, "info": "522 m, UL", "quelle": "vlflugzeuge.de/Dateien/Platzrunden.txt"}, "geometry": {"type": "Polygon", "coordinates": [[[10.808333, 50.050833], [10.823333, 50.059722], [10.854167, 50.0375], [10.841944, 50.030278], [10.832222, 50.034167], [10.808333, 50.050833]]]}}, {"type": "Feature", "properties": {"name": "Eberswalde Finow", "icao": "EDAV", "typ": "platzrunde", "bahn": "10/28", "hoehe_ft": 1000, "hoehe_bezug": "MSL", "hoehe_label": "1000 ft MSL", "hoehe_geschaetzt": false, "info": "CON 1480mtr, UL (PPR), MOGAS", "quelle": "vlflugzeuge.de/Dateien/Platzrunden.txt"}, "geometry": {"type": "Polygon", "coordinates": [[[13.650556, 52.83], [13.646944, 52.819167], [13.733611, 52.809722], [13.736389, 52.820833], [13.650556, 52.83]]]}}, {"type": "Feature", "properties": {"name": "Egelsbach", "icao": "EDFE", "typ": "platzrunde", "bahn": "09/27", "hoehe_ft": 1300, "hoehe_bezug": "MSL?", "hoehe_label": "1300 ft", "hoehe_geschaetzt": false, "info": "1166 m, MOGAS", "quelle": "vlflugzeuge.de/Dateien/Platzrunden.txt"}, "geometry": {"type": "Polygon", "coordinates": [[[8.619167, 49.96], [8.609167, 49.959722], [8.605278, 49.975278], [8.674722, 49.978611], [8.695278, 49.974722], [8.696944, 49.963333], [8.667222, 49.962222], [8.619167, 49.96]]]}}, {"type": "Feature", "properties": {"name": "Eggenfelden", "icao": "EDME", "typ": "platzrunde", "bahn": "09/27", "hoehe_ft": 2500, "hoehe_bezug": "MSL?", "hoehe_label": "2500 ft", "hoehe_geschaetzt": false, "info": "1120 m, UL", "quelle": "vlflugzeuge.de/Dateien/Platzrunden.txt"}, "geometry": {"type": "Polygon", "coordinates": [[[12.710556, 48.395278], [12.690833, 48.39], [12.691389, 48.373611], [12.753333, 48.375556], [12.751944, 48.396944], [12.735, 48.396111], [12.710556, 48.395278]]]}}, {"type": "Feature", "properties": {"name": "Eggersdorf", "icao": "EDCE", "typ": "platzrunde", "bahn": "06/24", "hoehe_ft": 1100, "hoehe_bezug": "MSL", "hoehe_label": "1100 ft MSL", "hoehe_geschaetzt": false, "info": "GRS 1050mtr, UL", "quelle": "vlflugzeuge.de/Dateien/Platzrunden.txt"}, "geometry": {"type": "Polygon", "coordinates": [[[14.105833, 52.4875], [14.117778, 52.491667], [14.133889, 52.474167], [14.080833, 52.455556], [14.064444, 52.473611], [14.075833, 52.477222], [14.105833, 52.4875]]]}}, {"type": "Feature", "properties": {"name": "Eichstaett", "icao": "EDPE", "typ": "platzrunde", "bahn": "11/29", "hoehe_ft": 2500, "hoehe_bezug": "MSL?", "hoehe_label": "2500 ft", "hoehe_geschaetzt": false, "info": "526 m, UL, MOGAS", "quelle": "vlflugzeuge.de/Dateien/Platzrunden.txt"}, "geometry": {"type": "Polygon", "coordinates": [[[11.153889, 48.8825], [11.147778, 48.872222], [11.200833, 48.857778], [11.208056, 48.869722], [11.153889, 48.8825]]]}}, {"type": "Feature", "properties": {"name": "Eisenach Kindel", "icao": "EDGE", "typ": "platzrunde", "bahn": "10/28", "hoehe_ft": 1900, "hoehe_bezug": "MSL", "hoehe_label": "1900 ft MSL", "hoehe_geschaetzt": false, "info": "CON 1720/1500mtr, UL", "quelle": "vlflugzeuge.de/Dateien/Platzrunden.txt"}, "geometry": {"type": "Polygon", "coordinates": [[[10.495278, 50.989722], [10.501111, 50.988889], [10.505278, 50.99], [10.506111, 50.990833], [10.521389, 51.010556], [10.448333, 51.021389], [10.44, 50.998056], [10.459167, 50.995], [10.495278, 50.989722]]]}}, {"type": "Feature", "properties": {"name": "Eisenhuettenstadt", "icao": "EDAE", "typ": "platzrunde", "bahn": "11/29", "hoehe_ft": 1000, "hoehe_bezug": "MSL?", "hoehe_label": "1000 ft", "hoehe_geschaetzt": false, "info": "1120 m, UL", "quelle": "vlflugzeuge.de/Dateien/Platzrunden.txt"}, "geometry": {"type": "Polygon", "coordinates": [[[14.571667, 52.200833], [14.560278, 52.204167], [14.569722, 52.2175], [14.605556, 52.208056], [14.619722, 52.193889], [14.615556, 52.188889], [14.604444, 52.191667], [14.571667, 52.200833]]]}}, {"type": "Feature", "properties": {"name": "Ellwangen", "icao": "EDPY", "typ": "platzrunde", "bahn": "12/30", "hoehe_ft": 2200, "hoehe_bezug": "MSL?", "hoehe_label": "2200 ft", "hoehe_geschaetzt": false, "info": "785 m, UL", "quelle": "vlflugzeuge.de/Dateien/Platzrunden.txt"}, "geometry": {"type": "Polygon", "coordinates": [[[10.209167, 48.967778], [10.201667, 48.958333], [10.248611, 48.9425], [10.256389, 48.952222], [10.209167, 48.967778]]]}}, {"type": "Feature", "properties": {"name": "Elsenthal_Grafenau", "icao": "EDNF", "typ": "platzrunde", "bahn": "16/34", "hoehe_ft": 2600, "hoehe_bezug": "MSL", "hoehe_label": "2600 ft MSL", "hoehe_geschaetzt": false, "info": "GRS 485mtr", "quelle": "vlflugzeuge.de/Dateien/Platzrunden.txt"}, "geometry": {"type": "Polygon", "coordinates": [[[13.369167, 48.817778], [13.375278, 48.801389], [13.348333, 48.796667], [13.3325, 48.8375], [13.359444, 48.842222], [13.365556, 48.826111], [13.356667, 48.828333], [13.369167, 48.817778]]]}}, {"type": "Feature", "properties": {"name": "Elz", "icao": "EDFY", "typ": "platzrunde", "bahn": "08/26", "hoehe_ft": 1400, "hoehe_bezug": "MSL?", "hoehe_label": "1400 ft", "hoehe_geschaetzt": false, "info": "750 m, UL, MOGAS", "quelle": "vlflugzeuge.de/Dateien/Platzrunden.txt"}, "geometry": {"type": "Polygon", "coordinates": [[[7.990833, 50.423333], [7.985278, 50.435556], [8.020278, 50.441667], [8.025278, 50.429444], [7.990833, 50.423333]]]}}, {"type": "Feature", "properties": {"name": "Emden", "icao": "EDWE", "typ": "platzrunde", "bahn": "07/25", "hoehe_ft": 1000, "hoehe_bezug": "MSL?", "hoehe_label": "1000 ft", "hoehe_geschaetzt": false, "info": "1100 m, UL(PPR)", "quelle": "vlflugzeuge.de/Dateien/Platzrunden.txt"}, "geometry": {"type": "Polygon", "coordinates": [[[7.202778, 53.386111], [7.1925, 53.384444], [7.188333, 53.385556], [7.1775, 53.405278], [7.179444, 53.407778], [7.248056, 53.421111], [7.252222, 53.420278], [7.263333, 53.400833], [7.262778, 53.397778], [7.253056, 53.395833], [7.202778, 53.386111]]]}}, {"type": "Feature", "properties": {"name": "Erbach", "icao": "EDNE", "typ": "platzrunde", "bahn": "03/21", "hoehe_ft": 2300, "hoehe_bezug": "MSL?", "hoehe_label": "2300 ft", "hoehe_geschaetzt": false, "info": "650 m, UL, MOGAS", "quelle": "vlflugzeuge.de/Dateien/Platzrunden.txt"}, "geometry": {"type": "Polygon", "coordinates": [[[9.905, 48.33], [9.904167, 48.321667], [9.933333, 48.310556], [9.961944, 48.344167], [9.931944, 48.355833], [9.905, 48.33]]]}}, {"type": "Feature", "properties": {"name": "Essen-Mühlheim", "icao": "EDLE", "typ": "platzrunde", "bahn": "07/25", "hoehe_ft": 1400, "hoehe_bezug": "MSL?", "hoehe_label": "1400 ft", "hoehe_geschaetzt": false, "info": "1200", "quelle": "vlflugzeuge.de/Dateien/Platzrunden.txt"}, "geometry": {"type": "Polygon", "coordinates": [[[6.9575, 51.408611], [6.966111, 51.410833], [6.977222, 51.419167], [6.971111, 51.428333], [6.9675, 51.429167], [6.903333, 51.411389], [6.913611, 51.396944], [6.920556, 51.398333], [6.9575, 51.408611]]]}}, {"type": "Feature", "properties": {"name": "Falkenberg Lönnewitz", "icao": "EDUF", "typ": "platzrunde", "bahn": "08/26", "hoehe_ft": 1100, "hoehe_bezug": "MSL?", "hoehe_label": "1100 ft", "hoehe_geschaetzt": false, "info": "1200 m, UL", "quelle": "vlflugzeuge.de/Dateien/Platzrunden.txt"}, "geometry": {"type": "Polygon", "coordinates": [[[13.194444, 51.541389], [13.198333, 51.53], [13.261667, 51.537778], [13.257778, 51.549444], [13.194444, 51.541389]]]}}, {"type": "Feature", "properties": {"name": "Finow", "icao": "EDAV", "typ": "platzrunde", "bahn": "10/28", "hoehe_ft": 1000, "hoehe_bezug": "MSL?", "hoehe_label": "1000 ft", "hoehe_geschaetzt": false, "info": "2520 m, UL (PPR), MOGAS", "quelle": "vlflugzeuge.de/Dateien/Platzrunden.txt"}, "geometry": {"type": "Polygon", "coordinates": [[[13.650556, 52.83], [13.646944, 52.819167], [13.733611, 52.809722], [13.736389, 52.820833], [13.650556, 52.83]]]}}, {"type": "Feature", "properties": {"name": "Finsterwalde Heinrichsruh", "icao": "EDAS", "typ": "platzrunde", "bahn": "08/26", "hoehe_ft": 1100, "hoehe_bezug": "MSL", "hoehe_label": "1100 ft MSL", "hoehe_geschaetzt": false, "info": "GRS 701mtr", "quelle": "vlflugzeuge.de/Dateien/Platzrunden.txt"}, "geometry": {"type": "Polygon", "coordinates": [[[13.681111, 51.635], [13.696111, 51.635833], [13.698611, 51.6225], [13.652778, 51.619444], [13.650278, 51.633056], [13.662222, 51.633889], [13.681111, 51.635]]]}}, {"type": "Feature", "properties": {"name": "Finsterwalde-Schacksdorf", "icao": "EDUS", "typ": "platzrunde", "bahn": "09/27", "hoehe_ft": 1200, "hoehe_bezug": "MSL?", "hoehe_label": "1200 ft", "hoehe_geschaetzt": false, "info": "850 m, UL", "quelle": "vlflugzeuge.de/Dateien/Platzrunden.txt"}, "geometry": {"type": "Polygon", "coordinates": [[[13.703333, 51.605], [13.704167, 51.590278], [13.772222, 51.591111], [13.771944, 51.606111], [13.703333, 51.605]]]}}, {"type": "Feature", "properties": {"name": "Flensburg-Schaeferhaus 04/22", "icao": "EDXF", "typ": "platzrunde", "bahn": "04/22", "hoehe_ft": 1000, "hoehe_bezug": "MSL", "hoehe_label": "1000 ft MSL", "hoehe_geschaetzt": false, "info": "GRS 700mtr, UL", "quelle": "vlflugzeuge.de/Dateien/Platzrunden.txt"}, "geometry": {"type": "Polygon", "coordinates": [[[9.375278, 54.772778], [9.401111, 54.788333], [9.3725, 54.803056], [9.325, 54.773333], [9.353056, 54.758889], [9.363611, 54.765278], [9.375278, 54.772778]]]}}, {"type": "Feature", "properties": {"name": "Flensburg-Schaeferhaus 11/29", "icao": "EDXF", "typ": "platzrunde", "bahn": "11/29", "hoehe_ft": 1000, "hoehe_bezug": "MSL", "hoehe_label": "1000 ft MSL", "hoehe_geschaetzt": false, "info": "BIT 1220mtr, UL", "quelle": "vlflugzeuge.de/Dateien/Platzrunden.txt"}, "geometry": {"type": "Polygon", "coordinates": [[[9.375278, 54.772778], [9.4175, 54.764167], [9.405, 54.7425], [9.329722, 54.756389], [9.341944, 54.778611], [9.361944, 54.774722], [9.375278, 54.772778]]]}}, {"type": "Feature", "properties": {"name": "Freiburg", "icao": "EDTF", "typ": "platzrunde", "bahn": "16/34", "hoehe_ft": 1800, "hoehe_bezug": "MSL?", "hoehe_label": "1800 ft", "hoehe_geschaetzt": false, "info": "980 m, UL", "quelle": "vlflugzeuge.de/Dateien/Platzrunden.txt"}, "geometry": {"type": "Polygon", "coordinates": [[[7.839167, 48.009444], [7.843056, 48.000556], [7.836389, 47.993611], [7.830833, 47.9925], [7.804167, 48.002222], [7.780833, 48.027222], [7.783333, 48.033056], [7.818056, 48.041389], [7.823333, 48.039722], [7.826944, 48.033056], [7.839167, 48.009444]]]}}, {"type": "Feature", "properties": {"name": "Fuerstenzell", "icao": "EDMF", "typ": "platzrunde", "bahn": "16/34", "hoehe_ft": 2400, "hoehe_bezug": "MSL?", "hoehe_label": "2400 ft", "hoehe_geschaetzt": false, "info": "485 m, UL (PPR), MOGAS", "quelle": "vlflugzeuge.de/Dateien/Platzrunden.txt"}, "geometry": {"type": "Polygon", "coordinates": [[[13.333611, 48.543333], [13.352778, 48.549444], [13.383056, 48.503333], [13.364444, 48.498056], [13.333611, 48.543333]]]}}, {"type": "Feature", "properties": {"name": "Fulda Jossa", "icao": "EDGF", "typ": "platzrunde", "bahn": "08/26", "hoehe_ft": 2500, "hoehe_bezug": "MSL", "hoehe_label": "2500 ft MSL", "hoehe_geschaetzt": false, "info": "GRS 588mtr, UL", "quelle": "vlflugzeuge.de/Dateien/Platzrunden.txt"}, "geometry": {"type": "Polygon", "coordinates": [[[9.450556, 50.476111], [9.480833, 50.479444], [9.486389, 50.459444], [9.417778, 50.451667], [9.411944, 50.471667], [9.435556, 50.474444], [9.450556, 50.476111]]]}}, {"type": "Feature", "properties": {"name": "Ganderkesee", "icao": "EDWQ", "typ": "platzrunde", "bahn": "08/26", "hoehe_ft": 1000, "hoehe_bezug": "MSL?", "hoehe_label": "1000 ft", "hoehe_geschaetzt": false, "info": "799 m, UL (PPR)", "quelle": "vlflugzeuge.de/Dateien/Platzrunden.txt"}, "geometry": {"type": "Polygon", "coordinates": [[[8.486111, 53.034167], [8.482222, 53.033611], [8.479722, 53.033056], [8.478056, 53.031944], [8.477222, 53.030556], [8.480833, 53.0175], [8.481667, 53.015833], [8.483889, 53.014722], [8.485556, 53.014444], [8.487778, 53.014722], [8.530833, 53.019167], [8.533333, 53.019722], [8.535, 53.020833], [8.535833, 53.022222], [8.533056, 53.031944], [8.5325, 53.033333], [8.530833, 53.035], [8.528333, 53.036389], [8.525556, 53.037222], [8.520833, 53.0375], [8.524444, 53.038611], [8.5275, 53.040278], [8.529444, 53.042778], [8.529444, 53.045278], [8.525833, 53.057222], [8.525833, 53.057222], [8.523889, 53.058333], [8.521389, 53.058889], [8.518056, 53.058611], [8.474167, 53.053889], [8.472222, 53.053056], [8.470833, 53.051944], [8.470556, 53.050556], [8.474722, 53.035833], [8.475833, 53.034722], [8.4775, 53.033611], [8.48, 53.033333], [8.486111, 53.034167]]]}}, {"type": "Feature", "properties": {"name": "Gardelegen", "icao": "EDOC", "typ": "platzrunde", "bahn": "08/26", "hoehe_ft": 1100, "hoehe_bezug": "MSL?", "hoehe_label": "1100 ft", "hoehe_geschaetzt": false, "info": "550 m, UL", "quelle": "vlflugzeuge.de/Dateien/Platzrunden.txt"}, "geometry": {"type": "Polygon", "coordinates": [[[11.325833, 52.529722], [11.324167, 52.544722], [11.375278, 52.546944], [11.377222, 52.531944], [11.325833, 52.529722]]]}}, {"type": "Feature", "properties": {"name": "Gelnhausen", "icao": "EDFG", "typ": "platzrunde", "bahn": "07/25", "hoehe_ft": 1500, "hoehe_bezug": "MSL?", "hoehe_label": "1500 ft", "hoehe_geschaetzt": false, "info": "740 m, UL (PPR), MOGAS", "quelle": "vlflugzeuge.de/Dateien/Platzrunden.txt"}, "geometry": {"type": "Polygon", "coordinates": [[[9.140278, 50.191667], [9.121111, 50.188333], [9.139444, 50.168056], [9.215, 50.177222], [9.207222, 50.2], [9.185278, 50.199722], [9.140278, 50.191667]]]}}, {"type": "Feature", "properties": {"name": "Gera-Leumnitz Nord", "icao": "EDAJ", "typ": "platzrunde", "bahn": "06/24", "hoehe_ft": 2000, "hoehe_bezug": "MSL", "hoehe_label": "2000 ft MSL", "hoehe_geschaetzt": false, "info": "ASP 750mtr, UL", "quelle": "vlflugzeuge.de/Dateien/Platzrunden.txt"}, "geometry": {"type": "Polygon", "coordinates": [[[12.143056, 50.883056], [12.161944, 50.888611], [12.155556, 50.897778], [12.133889, 50.900833], [12.097222, 50.889444], [12.11, 50.872778], [12.143056, 50.883056]]]}}, {"type": "Feature", "properties": {"name": "Gera-Leumnitz Sued", "icao": "EDAJ", "typ": "platzrunde", "bahn": "06/24", "hoehe_ft": 2000, "hoehe_bezug": "MSL", "hoehe_label": "2000 ft MSL", "hoehe_geschaetzt": false, "info": "ASP 750mtr, UL", "quelle": "vlflugzeuge.de/Dateien/Platzrunden.txt"}, "geometry": {"type": "Polygon", "coordinates": [[[12.129167, 50.878611], [12.11, 50.872778], [12.120278, 50.859444], [12.172222, 50.875556], [12.161944, 50.888611], [12.129167, 50.878611]]]}}, {"type": "Feature", "properties": {"name": "Gerstetten", "icao": "EDPT", "typ": "platzrunde", "bahn": "08/26", "hoehe_ft": 3000, "hoehe_bezug": "MSL?", "hoehe_label": "3000 ft", "hoehe_geschaetzt": false, "info": "530 m, UL", "quelle": "vlflugzeuge.de/Dateien/Platzrunden.txt"}, "geometry": {"type": "Polygon", "coordinates": [[[10.038333, 48.616944], [10.0425, 48.596667], [10.089722, 48.600556], [10.085833, 48.620833], [10.038333, 48.616944]]]}}, {"type": "Feature", "properties": {"name": "Giebelstadt", "icao": "EDQG", "typ": "platzrunde", "bahn": "08/26", "hoehe_ft": 1800, "hoehe_bezug": "MSL", "hoehe_label": "1800 ft MSL", "hoehe_geschaetzt": false, "info": "CON 1847mtr", "quelle": "vlflugzeuge.de/Dateien/Platzrunden.txt"}, "geometry": {"type": "Polygon", "coordinates": [[[9.983889, 49.650556], [10.0025, 49.653056], [10.0075, 49.637778], [9.939167, 49.628056], [9.933889, 49.643333], [9.9475, 49.645556], [9.983889, 49.650556]]]}}, {"type": "Feature", "properties": {"name": "Giessen-Lutzellinden Nord-West", "icao": "EDFL", "typ": "platzrunde", "bahn": "07/25", "hoehe_ft": 1700, "hoehe_bezug": "MSL", "hoehe_label": "1700 ft MSL", "hoehe_geschaetzt": false, "info": "ASP 716mtr", "quelle": "vlflugzeuge.de/Dateien/Platzrunden.txt"}, "geometry": {"type": "Polygon", "coordinates": [[[8.580556, 50.541667], [8.556667, 50.536389], [8.548056, 50.556111], [8.601111, 50.568611], [8.605556, 50.568333], [8.607778, 50.565833], [8.607778, 50.548056], [8.597222, 50.545556], [8.580556, 50.541667]]]}}, {"type": "Feature", "properties": {"name": "Giessen-Lutzellinden Sued-Ost", "icao": "EDFL", "typ": "platzrunde", "bahn": "07/25", "hoehe_ft": 1700, "hoehe_bezug": "MSL", "hoehe_label": "1700 ft MSL", "hoehe_geschaetzt": false, "info": "ASP 716mtr", "quelle": "vlflugzeuge.de/Dateien/Platzrunden.txt"}, "geometry": {"type": "Polygon", "coordinates": [[[8.607778, 50.548056], [8.641944, 50.543056], [8.635833, 50.526111], [8.566389, 50.532222], [8.564167, 50.537778], [8.607778, 50.548056]]]}}, {"type": "Feature", "properties": {"name": "Giessen-Reiskirchen", "icao": "EDGR", "typ": "platzrunde", "bahn": "04/22", "hoehe_ft": 1900, "hoehe_bezug": "MSL?", "hoehe_label": "1900 ft", "hoehe_geschaetzt": false, "info": "440 m", "quelle": "vlflugzeuge.de/Dateien/Platzrunden.txt"}, "geometry": {"type": "Polygon", "coordinates": [[[8.890278, 50.5825], [8.903056, 50.575833], [8.867778, 50.548056], [8.855278, 50.554722], [8.890278, 50.5825]]]}}, {"type": "Feature", "properties": {"name": "Goch Asperden", "icao": "EDLG", "typ": "platzrunde", "bahn": "10/28", "hoehe_ft": 1000, "hoehe_bezug": "MSL?", "hoehe_label": "1000 ft", "hoehe_geschaetzt": false, "info": "750 m, UL, MOGAS", "quelle": "vlflugzeuge.de/Dateien/Platzrunden.txt"}, "geometry": {"type": "Polygon", "coordinates": [[[6.064722, 51.692222], [6.06, 51.675278], [6.124167, 51.668333], [6.128611, 51.685556], [6.064722, 51.692222]]]}}, {"type": "Feature", "properties": {"name": "Goeppingen_Bezgenriet", "icao": "EDSE", "typ": "platzrunde", "bahn": "14/32", "hoehe_ft": 2000, "hoehe_bezug": "MSL", "hoehe_label": "2000 ft MSL", "hoehe_geschaetzt": false, "info": "GRS 360mtr", "quelle": "vlflugzeuge.de/Dateien/Platzrunden.txt"}, "geometry": {"type": "Polygon", "coordinates": [[[9.6225, 48.660278], [9.618611, 48.663056], [9.642222, 48.674167], [9.666111, 48.671389], [9.660278, 48.65], [9.634444, 48.649444], [9.627778, 48.655278], [9.6225, 48.660278]]]}}, {"type": "Feature", "properties": {"name": "Goerlitz", "icao": "EDBX", "typ": "platzrunde", "bahn": "06/24", "hoehe_ft": 1600, "hoehe_bezug": "MSL", "hoehe_label": "1600 ft MSL", "hoehe_geschaetzt": false, "info": "GRS 750mtr, UL", "quelle": "vlflugzeuge.de/Dateien/Platzrunden.txt"}, "geometry": {"type": "Polygon", "coordinates": [[[14.942778, 51.157222], [14.925833, 51.151667], [14.916111, 51.163056], [14.96, 51.178333], [14.970278, 51.166667], [14.958611, 51.162778], [14.942778, 51.157222]]]}}, {"type": "Feature", "properties": {"name": "Goettingen", "icao": "EDHD", "typ": "platzrunde", "bahn": "06/24", "hoehe_ft": 2000, "hoehe_bezug": "MSL", "hoehe_label": "2000 ft MSL", "hoehe_geschaetzt": false, "info": "ASP 700mtr GRS 610mtr", "quelle": "vlflugzeuge.de/Dateien/Platzrunden.txt"}, "geometry": {"type": "Polygon", "coordinates": [[[10.1375, 51.405], [10.121111, 51.4], [10.111944, 51.4125], [10.167778, 51.429444], [10.176944, 51.417222], [10.152222, 51.409444], [10.1375, 51.405]]]}}, {"type": "Feature", "properties": {"name": "Gotha Ost", "icao": "EDEG", "typ": "platzrunde", "bahn": "08/26", "hoehe_ft": 1800, "hoehe_bezug": "MSL", "hoehe_label": "1800 ft MSL", "hoehe_geschaetzt": false, "info": "GRS 554mtr", "quelle": "vlflugzeuge.de/Dateien/Platzrunden.txt"}, "geometry": {"type": "Polygon", "coordinates": [[[10.735556, 50.971111], [10.754444, 50.973611], [10.758611, 50.96], [10.703611, 50.953333], [10.699444, 50.966667], [10.718056, 50.968889], [10.735556, 50.971111]]]}}, {"type": "Feature", "properties": {"name": "Grabenstaett", "icao": "EDJG", "typ": "platzrunde", "bahn": "08/26", "hoehe_ft": 2500, "hoehe_bezug": "MSL", "hoehe_label": "2500 ft MSL", "hoehe_geschaetzt": false, "info": "GRS 440mtr", "quelle": "vlflugzeuge.de/Dateien/Platzrunden.txt"}, "geometry": {"type": "Polygon", "coordinates": [[[12.545, 47.852222], [12.538611, 47.851389], [12.53, 47.858056], [12.530833, 47.860833], [12.561111, 47.859167], [12.561389, 47.854167], [12.555833, 47.853611], [12.545, 47.852222]]]}}, {"type": "Feature", "properties": {"name": "Grabenstetten", "icao": "EDSG", "typ": "platzrunde", "bahn": "12/30", "hoehe_ft": 3100, "hoehe_bezug": "MSL", "hoehe_label": "3100 ft MSL", "hoehe_geschaetzt": false, "info": "GRS 950mtr", "quelle": "vlflugzeuge.de/Dateien/Platzrunden.txt"}, "geometry": {"type": "Polygon", "coordinates": [[[9.428333, 48.539167], [9.413333, 48.545], [9.422222, 48.556111], [9.4675, 48.538611], [9.458056, 48.528056], [9.445556, 48.532778], [9.428333, 48.539167]]]}}, {"type": "Feature", "properties": {"name": "Grefrath-Nierhorst", "icao": "EDLF", "typ": "platzrunde", "bahn": "07/25", "hoehe_ft": 1000, "hoehe_bezug": "MSL?", "hoehe_label": "1000 ft", "hoehe_geschaetzt": false, "info": "575, UL", "quelle": "vlflugzeuge.de/Dateien/Platzrunden.txt"}, "geometry": {"type": "Polygon", "coordinates": [[[6.345556, 51.330833], [6.331111, 51.3275], [6.330278, 51.325278], [6.340833, 51.306944], [6.344722, 51.305833], [6.399444, 51.318611], [6.400833, 51.320833], [6.39, 51.339167], [6.386389, 51.340278], [6.374444, 51.3375], [6.345556, 51.330833]]]}}, {"type": "Feature", "properties": {"name": "Greiz Obergrochlitz", "icao": "EDOT", "typ": "platzrunde", "bahn": "05/23", "hoehe_ft": 2300, "hoehe_bezug": "MSL", "hoehe_label": "2300 ft MSL", "hoehe_geschaetzt": false, "info": "GRS 590mtr", "quelle": "vlflugzeuge.de/Dateien/Platzrunden.txt"}, "geometry": {"type": "Polygon", "coordinates": [[[12.168889, 50.641944], [12.158333, 50.637222], [12.138611, 50.633333], [12.116667, 50.653333], [12.170278, 50.678333], [12.192222, 50.659722], [12.189167, 50.650556], [12.179444, 50.646111], [12.168889, 50.641944]]]}}, {"type": "Feature", "properties": {"name": "Griesau", "icao": "EDPG", "typ": "platzrunde", "bahn": "15/33", "hoehe_ft": 1800, "hoehe_bezug": "MSL?", "hoehe_label": "1800 ft", "hoehe_geschaetzt": false, "info": "415 m,UL", "quelle": "vlflugzeuge.de/Dateien/Platzrunden.txt"}, "geometry": {"type": "Polygon", "coordinates": [[[12.440556, 48.939444], [12.460278, 48.948056], [12.426667, 48.980833], [12.406389, 48.971944], [12.440556, 48.939444]]]}}, {"type": "Feature", "properties": {"name": "Grossenhain", "icao": "EDAK", "typ": "platzrunde", "bahn": "12/30", "hoehe_ft": 1200, "hoehe_bezug": "MSL?", "hoehe_label": "1200 ft", "hoehe_geschaetzt": false, "info": "2400 m, UL", "quelle": "vlflugzeuge.de/Dateien/Platzrunden.txt"}, "geometry": {"type": "Polygon", "coordinates": [[[13.574444, 51.302778], [13.581944, 51.303056], [13.585833, 51.304444], [13.596111, 51.318611], [13.5375, 51.336389], [13.523611, 51.318611], [13.574444, 51.302778]]]}}, {"type": "Feature", "properties": {"name": "Grossrueckerswalde", "icao": "EDAG", "typ": "platzrunde", "bahn": "11/29", "hoehe_ft": 3000, "hoehe_bezug": "MSL?", "hoehe_label": "3000 ft", "hoehe_geschaetzt": false, "info": "1000 m, UL", "quelle": "vlflugzeuge.de/Dateien/Platzrunden.txt"}, "geometry": {"type": "Polygon", "coordinates": [[[13.099722, 50.649444], [13.094167, 50.640278], [13.1475, 50.627222], [13.1525, 50.636111], [13.099722, 50.649444]]]}}, {"type": "Feature", "properties": {"name": "Grube", "icao": "EDHB", "typ": "platzrunde", "bahn": "09/27", "hoehe_ft": 1000, "hoehe_bezug": "MSL?", "hoehe_label": "1000 ft", "hoehe_geschaetzt": false, "info": "500 m, UL", "quelle": "vlflugzeuge.de/Dateien/Platzrunden.txt"}, "geometry": {"type": "Polygon", "coordinates": [[[10.989444, 54.246111], [10.989722, 54.259444], [11.057222, 54.259444], [11.0575, 54.245833], [10.989444, 54.246111]]]}}, {"type": "Feature", "properties": {"name": "Gruibingen Nortel", "icao": "EDSO", "typ": "platzrunde", "bahn": "07/24", "hoehe_ft": 3000, "hoehe_bezug": "MSL", "hoehe_label": "3000 ft MSL", "hoehe_geschaetzt": false, "info": "GRS 585mtr", "quelle": "vlflugzeuge.de/Dateien/Platzrunden.txt"}, "geometry": {"type": "Polygon", "coordinates": [[[9.648333, 48.62], [9.641111, 48.618611], [9.626111, 48.614167], [9.620556, 48.629167], [9.674444, 48.638333], [9.679444, 48.625], [9.661111, 48.622222], [9.648333, 48.62]]]}}, {"type": "Feature", "properties": {"name": "Guenzburg-Donauried", "icao": "EDMG", "typ": "platzrunde", "bahn": "06/24", "hoehe_ft": 2200, "hoehe_bezug": "MSL", "hoehe_label": "2200 ft MSL", "hoehe_geschaetzt": false, "info": "GRS 580mtr, UL", "quelle": "vlflugzeuge.de/Dateien/Platzrunden.txt"}, "geometry": {"type": "Polygon", "coordinates": [[[10.276111, 48.483611], [10.270833, 48.481667], [10.251944, 48.483056], [10.245833, 48.49], [10.291111, 48.508889], [10.304167, 48.495278], [10.288611, 48.488889], [10.276111, 48.483611]]]}}, {"type": "Feature", "properties": {"name": "Guestrow", "icao": "EDCU", "typ": "platzrunde", "bahn": "09/27", "hoehe_ft": 900, "hoehe_bezug": "MSL?", "hoehe_label": "900 ft", "hoehe_geschaetzt": false, "info": "700 m, UL", "quelle": "vlflugzeuge.de/Dateien/Platzrunden.txt"}, "geometry": {"type": "Polygon", "coordinates": [[[12.261389, 53.808333], [12.261389, 53.8175], [12.2, 53.8175], [12.199444, 53.808056], [12.261389, 53.808333]]]}}, {"type": "Feature", "properties": {"name": "Gundelfingen", "icao": "EDMU", "typ": "platzrunde", "bahn": "10/28", "hoehe_ft": 2400, "hoehe_bezug": "MSL?", "hoehe_label": "2400 ft", "hoehe_geschaetzt": false, "info": "480 m, UL", "quelle": "vlflugzeuge.de/Dateien/Platzrunden.txt"}, "geometry": {"type": "Polygon", "coordinates": [[[10.323611, 48.574722], [10.327222, 48.589167], [10.380556, 48.583333], [10.385278, 48.58], [10.381944, 48.568056], [10.323611, 48.574722]]]}}, {"type": "Feature", "properties": {"name": "Gunzenhausen-Reutberg", "icao": "EDMH", "typ": "platzrunde", "bahn": "06/24", "hoehe_ft": 2300, "hoehe_bezug": "MSL?", "hoehe_label": "2300 ft", "hoehe_geschaetzt": false, "info": "725 m, UL (PPR)", "quelle": "vlflugzeuge.de/Dateien/Platzrunden.txt"}, "geometry": {"type": "Polygon", "coordinates": [[[10.808611, 49.120833], [10.818333, 49.110278], [10.7725, 49.0925], [10.763056, 49.102778], [10.808611, 49.120833]]]}}, {"type": "Feature", "properties": {"name": "Hahnweide", "icao": "EDST", "typ": "platzrunde", "bahn": "07/25 13/31", "hoehe_ft": 1800, "hoehe_bezug": "MSL", "hoehe_label": "1800 ft MSL", "hoehe_geschaetzt": false, "info": "GRS 520mtr GRS 640mtr", "quelle": "vlflugzeuge.de/Dateien/Platzrunden.txt"}, "geometry": {"type": "Polygon", "coordinates": [[[9.434722, 48.628889], [9.4425, 48.625278], [9.433333, 48.616667], [9.393611, 48.636389], [9.403056, 48.644722], [9.424167, 48.634167], [9.436944, 48.6375], [9.443611, 48.627778], [9.412222, 48.619444], [9.406389, 48.629167], [9.416667, 48.631944], [9.434722, 48.628889]]]}}, {"type": "Feature", "properties": {"name": "Halle-Oppin", "icao": "ADAQ", "typ": "platzrunde", "bahn": "11/29", "hoehe_ft": 1200, "hoehe_bezug": "MSL?", "hoehe_label": "1200 ft", "hoehe_geschaetzt": false, "info": "1120 m, UL", "quelle": "vlflugzeuge.de/Dateien/Platzrunden.txt"}, "geometry": {"type": "Polygon", "coordinates": [[[12.010278, 51.560833], [12.000556, 51.547222], [12.075833, 51.526111], [12.086944, 51.540833], [12.010278, 51.560833]]]}}, {"type": "Feature", "properties": {"name": "Hamm", "icao": "EDLH", "typ": "platzrunde", "bahn": "06/24", "hoehe_ft": 1200, "hoehe_bezug": "MSL?", "hoehe_label": "1200 ft", "hoehe_geschaetzt": false, "info": "620 m, UL, MOGAS", "quelle": "vlflugzeuge.de/Dateien/Platzrunden.txt", "icao_original": "EDFJ", "korrektur": "ICAO korrigiert (Geometrie lag 8-232 km vom angegebenen Platz, aber <2 km vom hier genannten)"}, "geometry": {"type": "Polygon", "coordinates": [[[7.844722, 51.699167], [7.869722, 51.7075], [7.873333, 51.709722], [7.874722, 51.712222], [7.874167, 51.714722], [7.860278, 51.730556], [7.855833, 51.732222], [7.852222, 51.7325], [7.849167, 51.731667], [7.781667, 51.707222], [7.778056, 51.705278], [7.776111, 51.702778], [7.776111, 51.700278], [7.783611, 51.685556], [7.785556, 51.684167], [7.789167, 51.682778], [7.794444, 51.682778], [7.801389, 51.684722], [7.844722, 51.699167]]]}}, {"type": "Feature", "properties": {"name": "Hartenholm", "icao": "EDHM", "typ": "platzrunde", "bahn": "05/23", "hoehe_ft": 900, "hoehe_bezug": "MSL", "hoehe_label": "900 ft MSL", "hoehe_geschaetzt": false, "info": "ASP 670mtr, UL", "quelle": "vlflugzeuge.de/Dateien/Platzrunden.txt"}, "geometry": {"type": "Polygon", "coordinates": [[[10.027778, 53.911111], [10.011389, 53.903611], [9.991389, 53.919444], [10.038889, 53.940278], [10.058056, 53.924722], [10.043611, 53.918333], [10.027778, 53.911111]]]}}, {"type": "Feature", "properties": {"name": "Hassfurt-Schweinfurt", "icao": "EDQT", "typ": "platzrunde", "bahn": "11/29", "hoehe_ft": 1700, "hoehe_bezug": "MSL?", "hoehe_label": "1700 ft", "hoehe_geschaetzt": false, "info": "1100 m, UL (PPR), MOGAS", "quelle": "vlflugzeuge.de/Dateien/Platzrunden.txt"}, "geometry": {"type": "Polygon", "coordinates": [[[10.495833, 50.025], [10.478889, 49.999444], [10.555833, 49.978056], [10.5725, 50.003889], [10.495833, 50.025]]]}}, {"type": "Feature", "properties": {"name": "Heide-Buesum", "icao": "EDXB", "typ": "platzrunde", "bahn": "11/29", "hoehe_ft": 800, "hoehe_bezug": "MSL", "hoehe_label": "800 ft MSL", "hoehe_geschaetzt": false, "info": "ASP 720mtr, UL, MOGAS", "quelle": "vlflugzeuge.de/Dateien/Platzrunden.txt"}, "geometry": {"type": "Polygon", "coordinates": [[[8.892778, 54.155], [8.877778, 54.158333], [8.884722, 54.17], [8.945278, 54.158056], [8.938056, 54.146667], [8.911111, 54.151667], [8.892778, 54.155]]]}}, {"type": "Feature", "properties": {"name": "Helgoland 15/33", "icao": "EDXH", "typ": "platzrunde", "bahn": "15/33", "hoehe_ft": 370, "hoehe_bezug": "MSL?", "hoehe_label": "370 ft", "hoehe_geschaetzt": false, "info": "480 m, UL (PPR)", "quelle": "vlflugzeuge.de/Dateien/Platzrunden.txt"}, "geometry": {"type": "Polygon", "coordinates": [[[7.910278, 54.188889], [7.905833, 54.193056], [7.921944, 54.199444], [7.941667, 54.181111], [7.926111, 54.175], [7.920833, 54.179444], [7.910278, 54.188889]]]}}, {"type": "Feature", "properties": {"name": "Helgoland 03/21", "icao": "EDXH", "typ": "platzrunde", "bahn": "03/21", "hoehe_ft": 600, "hoehe_bezug": "MSL?", "hoehe_label": "600 ft", "hoehe_geschaetzt": false, "info": "371 m, UL (PPR)", "quelle": "vlflugzeuge.de/Dateien/Platzrunden.txt"}, "geometry": {"type": "Polygon", "coordinates": [[[7.919167, 54.189722], [7.924167, 54.193889], [7.936667, 54.19], [7.921944, 54.173333], [7.909167, 54.177222], [7.912222, 54.180556], [7.919167, 54.189722]]]}}, {"type": "Feature", "properties": {"name": "Heppenheim", "icao": "EDEP", "typ": "platzrunde", "bahn": "15/33", "hoehe_ft": 1200, "hoehe_bezug": "MSL", "hoehe_label": "1200 ft MSL", "hoehe_geschaetzt": false, "info": "GRS 629mtr GRS 605mtr", "quelle": "vlflugzeuge.de/Dateien/Platzrunden.txt"}, "geometry": {"type": "Polygon", "coordinates": [[[8.629167, 49.616667], [8.632222, 49.612778], [8.629167, 49.603333], [8.609444, 49.595833], [8.570833, 49.638056], [8.6, 49.649722], [8.619722, 49.626389], [8.629167, 49.616667]]]}}, {"type": "Feature", "properties": {"name": "Herrenteich", "icao": "EDEH", "typ": "platzrunde", "bahn": "04/22", "hoehe_ft": 900, "hoehe_bezug": "MSL?", "hoehe_label": "900 ft", "hoehe_geschaetzt": false, "info": "635 m", "quelle": "vlflugzeuge.de/Dateien/Platzrunden.txt"}, "geometry": {"type": "Polygon", "coordinates": [[[8.476389, 49.332778], [8.487778, 49.326944], [8.516389, 49.350833], [8.505556, 49.356667], [8.476389, 49.332778]]]}}, {"type": "Feature", "properties": {"name": "Herten Rheinfelden", "icao": "EDTR", "typ": "platzrunde", "bahn": "06/24", "hoehe_ft": 1900, "hoehe_bezug": "MSL?", "hoehe_label": "1900 ft", "hoehe_geschaetzt": false, "info": "730 m, UL, MOGAS", "quelle": "vlflugzeuge.de/Dateien/Platzrunden.txt"}, "geometry": {"type": "Polygon", "coordinates": [[[7.7275, 47.550833], [7.733056, 47.543889], [7.774722, 47.558611], [7.768611, 47.566111], [7.7275, 47.550833]]]}}, {"type": "Feature", "properties": {"name": "Herzogenaurach", "icao": "EDQH", "typ": "platzrunde", "bahn": "08/26", "hoehe_ft": 1900, "hoehe_bezug": "MSL?", "hoehe_label": "1900 ft", "hoehe_geschaetzt": false, "info": "700 m, UL (PPR), MOGAS", "quelle": "vlflugzeuge.de/Dateien/Platzrunden.txt"}, "geometry": {"type": "Polygon", "coordinates": [[[10.856667, 49.579722], [10.841667, 49.588611], [10.838611, 49.599167], [10.900278, 49.607778], [10.906667, 49.588611], [10.856667, 49.579722]]]}}, {"type": "Feature", "properties": {"name": "Hettstadt", "icao": "EDGH", "typ": "platzrunde", "bahn": "09/27", "hoehe_ft": 1800, "hoehe_bezug": "MSL", "hoehe_label": "1800 ft MSL", "hoehe_geschaetzt": false, "info": "GRS 550mtr, UL (PPR), MOGAS", "quelle": "vlflugzeuge.de/Dateien/Platzrunden.txt"}, "geometry": {"type": "Polygon", "coordinates": [[[9.825556, 49.797778], [9.821944, 49.796111], [9.795556, 49.795833], [9.795, 49.814167], [9.8575, 49.815], [9.858333, 49.799167], [9.850556, 49.798889], [9.825556, 49.797778]]]}}, {"type": "Feature", "properties": {"name": "Hetzleser Berg", "icao": "EDQX", "typ": "platzrunde", "bahn": "08/26", "hoehe_ft": 2600, "hoehe_bezug": "MSL?", "hoehe_label": "2600 ft", "hoehe_geschaetzt": false, "info": "608 m, UL(PPR)", "quelle": "vlflugzeuge.de/Dateien/Platzrunden.txt"}, "geometry": {"type": "Polygon", "coordinates": [[[11.146389, 49.639722], [11.133611, 49.644444], [11.129444, 49.655556], [11.186667, 49.664167], [11.191389, 49.650556], [11.181389, 49.645], [11.146389, 49.639722]]]}}, {"type": "Feature", "properties": {"name": "Heubach", "icao": "EDTH", "typ": "platzrunde", "bahn": "07/25", "hoehe_ft": 2200, "hoehe_bezug": "MSL?", "hoehe_label": "2200 ft", "hoehe_geschaetzt": false, "info": "750 m, UL, MOGAS", "quelle": "vlflugzeuge.de/Dateien/Platzrunden.txt"}, "geometry": {"type": "Polygon", "coordinates": [[[9.953611, 48.813056], [9.931111, 48.834167], [9.896111, 48.826667], [9.904167, 48.801389], [9.953611, 48.813056]]]}}, {"type": "Feature", "properties": {"name": "Hildesheim", "icao": "EDVM", "typ": "platzrunde", "bahn": "07/25", "hoehe_ft": 1200, "hoehe_bezug": "MSL", "hoehe_label": "1200 ft MSL", "hoehe_geschaetzt": false, "info": "ASP 1160mtr GRS 1160mtr, UL", "quelle": "vlflugzeuge.de/Dateien/Platzrunden.txt"}, "geometry": {"type": "Polygon", "coordinates": [[[9.939722, 52.175833], [9.931944, 52.174722], [9.881389, 52.184167], [9.870833, 52.207778], [9.974444, 52.225833], [9.993889, 52.185278], [9.961944, 52.179722], [9.939722, 52.175833]]]}}, {"type": "Feature", "properties": {"name": "Hirzenhain", "icao": "EDFI", "typ": "platzrunde", "bahn": "11/29", "hoehe_ft": 3000, "hoehe_bezug": "MSL?", "hoehe_label": "3000 ft", "hoehe_geschaetzt": false, "info": "650 m, UL", "quelle": "vlflugzeuge.de/Dateien/Platzrunden.txt"}, "geometry": {"type": "Polygon", "coordinates": [[[8.366944, 50.793611], [8.36, 50.782222], [8.411667, 50.770278], [8.418056, 50.7825], [8.366944, 50.793611]]]}}, {"type": "Feature", "properties": {"name": "Hockenheim", "icao": "EDFX", "typ": "platzrunde", "bahn": "14/32", "hoehe_ft": 1000, "hoehe_bezug": "MSL", "hoehe_label": "1000 ft MSL", "hoehe_geschaetzt": false, "info": "GRS 820mtr", "quelle": "vlflugzeuge.de/Dateien/Platzrunden.txt"}, "geometry": {"type": "Polygon", "coordinates": [[[8.52, 49.331389], [8.516389, 49.334444], [8.5025, 49.33], [8.528611, 49.307222], [8.531944, 49.307222], [8.534722, 49.308889], [8.5375, 49.316667], [8.532222, 49.321111], [8.52, 49.331389]]]}}, {"type": "Feature", "properties": {"name": "Hodenhagen", "icao": "EDVH", "typ": "platzrunde", "bahn": "03/21", "hoehe_ft": 700, "hoehe_bezug": "MSL", "hoehe_label": "700 ft MSL", "hoehe_geschaetzt": false, "info": "GRS 800mtr, UL(PPR)", "quelle": "vlflugzeuge.de/Dateien/Platzrunden.txt"}, "geometry": {"type": "Polygon", "coordinates": [[[9.6075, 52.758333], [9.599444, 52.75], [9.625, 52.741111], [9.652778, 52.770556], [9.627222, 52.779167], [9.618611, 52.770278], [9.6075, 52.758333]]]}}, {"type": "Feature", "properties": {"name": "Hoelleberg", "icao": "EDVL", "typ": "platzrunde", "bahn": "08/26", "hoehe_ft": 1900, "hoehe_bezug": "MSL", "hoehe_label": "1900 ft MSL", "hoehe_geschaetzt": false, "info": "GRS 520mtr, UL", "quelle": "vlflugzeuge.de/Dateien/Platzrunden.txt"}, "geometry": {"type": "Polygon", "coordinates": [[[9.387222, 51.609167], [9.374722, 51.607222], [9.378056, 51.599444], [9.425278, 51.606944], [9.422222, 51.614722], [9.408333, 51.6125], [9.387222, 51.609167]]]}}, {"type": "Feature", "properties": {"name": "Hoppstaedten-Weiersbach Nord", "icao": "EDRH", "typ": "platzrunde", "bahn": "06/24", "hoehe_ft": 2100, "hoehe_bezug": "MSL", "hoehe_label": "2100 ft MSL", "hoehe_geschaetzt": false, "info": "GRS 680mtr, UL", "quelle": "vlflugzeuge.de/Dateien/Platzrunden.txt"}, "geometry": {"type": "Polygon", "coordinates": [[[7.19, 49.6125], [7.165833, 49.601944], [7.156389, 49.611111], [7.204722, 49.631389], [7.214167, 49.6225], [7.19, 49.6125]]]}}, {"type": "Feature", "properties": {"name": "Hoppstaedten-Weiersbach Sued", "icao": "EDRH", "typ": "platzrunde", "bahn": "06/24", "hoehe_ft": 2100, "hoehe_bezug": "MSL", "hoehe_label": "2100 ft MSL", "hoehe_geschaetzt": false, "info": "GRS 680mtr, UL", "quelle": "vlflugzeuge.de/Dateien/Platzrunden.txt"}, "geometry": {"type": "Polygon", "coordinates": [[[7.214167, 49.6225], [7.225833, 49.610278], [7.173333, 49.588611], [7.170556, 49.588889], [7.165833, 49.601944], [7.214167, 49.6225]]]}}, {"type": "Feature", "properties": {"name": "Huettenbusch", "icao": "EDXU", "typ": "platzrunde", "bahn": "09/27", "hoehe_ft": 1000, "hoehe_bezug": "MSL?", "hoehe_label": "1000 ft", "hoehe_geschaetzt": false, "info": "450 m, UL, MOGAS", "quelle": "vlflugzeuge.de/Dateien/Platzrunden.txt"}, "geometry": {"type": "Polygon", "coordinates": [[[8.917778, 53.2875], [8.917222, 53.299722], [8.981667, 53.299444], [8.981944, 53.288056], [8.917778, 53.2875]]]}}, {"type": "Feature", "properties": {"name": "Husum-Schwesing", "icao": "EDXJ", "typ": "platzrunde", "bahn": "03/21", "hoehe_ft": 900, "hoehe_bezug": "MSL?", "hoehe_label": "900 ft", "hoehe_geschaetzt": false, "info": "1450 m, UL, MOGAS", "quelle": "vlflugzeuge.de/Dateien/Platzrunden.txt"}, "geometry": {"type": "Polygon", "coordinates": [[[9.121389, 54.495833], [9.100556, 54.503889], [9.134444, 54.533611], [9.155833, 54.525556], [9.121389, 54.495833]]]}}, {"type": "Feature", "properties": {"name": "Höxter-Holzminden", "icao": "EDVI", "typ": "platzrunde", "bahn": "14/32", "hoehe_ft": 2000, "hoehe_bezug": "MSL?", "hoehe_label": "2000 ft", "hoehe_geschaetzt": false, "info": "814 m, UL", "quelle": "vlflugzeuge.de/Dateien/Platzrunden.txt"}, "geometry": {"type": "Polygon", "coordinates": [[[9.390556, 51.798611], [9.405278, 51.789722], [9.438611, 51.809722], [9.380556, 51.846667], [9.347778, 51.826667], [9.365833, 51.814722], [9.390556, 51.798611]]]}}, {"type": "Feature", "properties": {"name": "Hünsborn", "icao": "EDKH", "typ": "platzrunde", "bahn": "09/27", "hoehe_ft": 2300, "hoehe_bezug": "MSL?", "hoehe_label": "2300 ft", "hoehe_geschaetzt": false, "info": "950 m, UL", "quelle": "vlflugzeuge.de/Dateien/Platzrunden.txt"}, "geometry": {"type": "Polygon", "coordinates": [[[7.883611, 50.928611], [7.878889, 50.928333], [7.876944, 50.929444], [7.875278, 50.947222], [7.876111, 50.948333], [7.877778, 50.948889], [7.914722, 50.950278], [7.916111, 50.949722], [7.917222, 50.948889], [7.918611, 50.930833], [7.916389, 50.929444], [7.913611, 50.929444], [7.883611, 50.928611]]]}}, {"type": "Feature", "properties": {"name": "Idar Oberstein", "icao": "EDRG", "typ": "platzrunde", "bahn": "06/24", "hoehe_ft": 2600, "hoehe_bezug": "MSL?", "hoehe_label": "2600 ft", "hoehe_geschaetzt": false, "info": "650 m, UL", "quelle": "vlflugzeuge.de/Dateien/Platzrunden.txt"}, "geometry": {"type": "Polygon", "coordinates": [[[7.299444, 49.723333], [7.285278, 49.743056], [7.363611, 49.766944], [7.3825, 49.74], [7.351111, 49.736389], [7.299444, 49.723333]]]}}, {"type": "Feature", "properties": {"name": "Illertissen", "icao": "EDMI", "typ": "platzrunde", "bahn": "07/25", "hoehe_ft": 2400, "hoehe_bezug": "MSL", "hoehe_label": "2400 ft MSL", "hoehe_geschaetzt": false, "info": "GRS 540mtr, UL", "quelle": "vlflugzeuge.de/Dateien/Platzrunden.txt"}, "geometry": {"type": "Polygon", "coordinates": [[[10.123611, 48.230556], [10.1275, 48.220278], [10.164167, 48.226944], [10.159722, 48.2375], [10.123611, 48.230556]]]}}, {"type": "Feature", "properties": {"name": "Ingelfingen Buehlhof", "icao": "EDGI", "typ": "platzrunde", "bahn": "07/25", "hoehe_ft": 2000, "hoehe_bezug": "MSL", "hoehe_label": "2000 ft MSL", "hoehe_geschaetzt": false, "info": "PAVED 480mtr", "quelle": "vlflugzeuge.de/Dateien/Platzrunden.txt"}, "geometry": {"type": "Polygon", "coordinates": [[[9.624722, 49.313611], [9.6175, 49.3275], [9.677778, 49.341944], [9.685278, 49.328056], [9.624722, 49.313611]]]}}, {"type": "Feature", "properties": {"name": "Itzehoe Hungriger Wolf 03/21", "icao": "EDHF", "typ": "platzrunde", "bahn": "03/21", "hoehe_ft": 900, "hoehe_bezug": "MSL", "hoehe_label": "900 ft MSL", "hoehe_geschaetzt": false, "info": "ASP 1040mtr GRS 1040mtr", "quelle": "vlflugzeuge.de/Dateien/Platzrunden.txt"}, "geometry": {"type": "Polygon", "coordinates": [[[9.581667, 53.998889], [9.592222, 54.010556], [9.621389, 54.002222], [9.590278, 53.965833], [9.561111, 53.974167], [9.569167, 53.983889], [9.581667, 53.998889]]]}}, {"type": "Feature", "properties": {"name": "Itzehoe Hungriger Wolf 09/27", "icao": "EDHF", "typ": "platzrunde", "bahn": "09/27", "hoehe_ft": 900, "hoehe_bezug": "MSL", "hoehe_label": "900 ft MSL", "hoehe_geschaetzt": false, "info": "GRS 708mtr", "quelle": "vlflugzeuge.de/Dateien/Platzrunden.txt"}, "geometry": {"type": "Polygon", "coordinates": [[[9.583611, 53.991111], [9.600833, 53.991111], [9.600833, 53.970833], [9.544722, 53.970833], [9.544722, 53.991111], [9.560556, 53.991111], [9.583611, 53.991111]]]}}, {"type": "Feature", "properties": {"name": "Jena Schoengleina", "icao": "EDBJ", "typ": "platzrunde", "bahn": "02/20", "hoehe_ft": 2100, "hoehe_bezug": "MSL", "hoehe_label": "2100 ft MSL", "hoehe_geschaetzt": false, "info": "ASP 1170mtr GRS 620mtr, UL, MOGAS", "quelle": "vlflugzeuge.de/Dateien/Platzrunden.txt"}, "geometry": {"type": "Polygon", "coordinates": [[[11.706944, 50.903889], [11.701389, 50.895556], [11.721944, 50.890833], [11.743333, 50.925556], [11.729722, 50.932778], [11.724444, 50.931944], [11.719722, 50.924167], [11.706944, 50.903889]]]}}, {"type": "Feature", "properties": {"name": "Jesenwang", "icao": "EDMJ", "typ": "platzrunde", "bahn": "07/25", "hoehe_ft": 2500, "hoehe_bezug": "MSL?", "hoehe_label": "2500 ft", "hoehe_geschaetzt": false, "info": "408 m, UL", "quelle": "vlflugzeuge.de/Dateien/Platzrunden.txt"}, "geometry": {"type": "Polygon", "coordinates": [[[11.136389, 48.176667], [11.150556, 48.179167], [11.155, 48.17], [11.155278, 48.157778], [11.104722, 48.148056], [11.095556, 48.168611], [11.113889, 48.172222], [11.136389, 48.176667]]]}}, {"type": "Feature", "properties": {"name": "Juist", "icao": "EDWJ", "typ": "platzrunde", "bahn": "08/26", "hoehe_ft": 600, "hoehe_bezug": "MSL?", "hoehe_label": "600 ft", "hoehe_geschaetzt": false, "info": "700 m, UL", "quelle": "vlflugzeuge.de/Dateien/Platzrunden.txt"}, "geometry": {"type": "Polygon", "coordinates": [[[7.0425, 53.679722], [7.031111, 53.678056], [7.026389, 53.689444], [7.078333, 53.6975], [7.083056, 53.686111], [7.068889, 53.683889], [7.0425, 53.679722]]]}}, {"type": "Feature", "properties": {"name": "Kamenz", "icao": "EDCM", "typ": "platzrunde", "bahn": "03/21", "hoehe_ft": 1300, "hoehe_bezug": "MSL", "hoehe_label": "1300 ft MSL", "hoehe_geschaetzt": false, "info": "CON 1100mtr GRS 1100mtr, UL, MOGAS", "quelle": "vlflugzeuge.de/Dateien/Platzrunden.txt"}, "geometry": {"type": "Polygon", "coordinates": [[[14.121667, 51.291667], [14.108889, 51.279167], [14.135556, 51.268056], [14.173889, 51.305], [14.146667, 51.315556], [14.133889, 51.302778], [14.121667, 51.291667]]]}}, {"type": "Feature", "properties": {"name": "Kamp-Lintfort", "icao": "EDLC", "typ": "platzrunde", "bahn": "0 ft", "hoehe_ft": null, "hoehe_bezug": "unbekannt", "hoehe_label": "keine Angabe (Annahme 1000 ft)", "hoehe_geschaetzt": true, "info": null, "quelle": "vlflugzeuge.de/Dateien/Platzrunden.txt"}, "geometry": {"type": "Polygon", "coordinates": [[[6.521944, 51.526111], [6.515833, 51.524722], [6.513056, 51.524722], [6.510833, 51.525556], [6.504167, 51.536389], [6.504167, 51.538611], [6.506389, 51.539722], [6.549722, 51.549722], [6.5525, 51.55], [6.555, 51.548889], [6.561111, 51.538889], [6.561944, 51.536944], [6.56, 51.535], [6.553333, 51.533611], [6.521944, 51.526111]]]}}, {"type": "Feature", "properties": {"name": "Karlshoefen", "icao": "EDWK", "typ": "platzrunde", "bahn": "0 ft", "hoehe_ft": null, "hoehe_bezug": "unbekannt", "hoehe_label": "keine Angabe (Annahme 1000 ft)", "hoehe_geschaetzt": true, "info": null, "quelle": "vlflugzeuge.de/Dateien/Platzrunden.txt"}, "geometry": {"type": "Polygon", "coordinates": [[[8.986111, 53.3425], [8.975278, 53.328889], [9.056111, 53.305], [9.066667, 53.318611], [8.986111, 53.3425]]]}}, {"type": "Feature", "properties": {"name": "Karlsruhe-Forchheim", "icao": null, "typ": "platzrunde", "bahn": "0 ft", "hoehe_ft": null, "hoehe_bezug": "unbekannt", "hoehe_label": "keine Angabe (Annahme 1000 ft)", "hoehe_geschaetzt": true, "info": null, "quelle": "vlflugzeuge.de/Dateien/Platzrunden.txt"}, "geometry": {"type": "Polygon", "coordinates": [[[8.328333, 48.973611], [8.3175, 48.963889], [8.289167, 48.974444], [8.325278, 49.015], [8.349444, 49.006111], [8.340833, 48.988889], [8.328333, 48.973611]]]}}, {"type": "Feature", "properties": {"name": "Kehl-Sundheim", "icao": "EDSK", "typ": "platzrunde", "bahn": "0 ft", "hoehe_ft": null, "hoehe_bezug": "unbekannt", "hoehe_label": "keine Angabe (Annahme 1000 ft)", "hoehe_geschaetzt": true, "info": null, "quelle": "vlflugzeuge.de/Dateien/Platzrunden.txt"}, "geometry": {"type": "Polygon", "coordinates": [[[7.831667, 48.544167], [7.852778, 48.535556], [7.885833, 48.572778], [7.865833, 48.581111], [7.831667, 48.544167]]]}}, {"type": "Feature", "properties": {"name": "Kempten 07/25", "icao": "EDMK", "typ": "platzrunde", "bahn": "07/25", "hoehe_ft": 3300, "hoehe_bezug": "MSL", "hoehe_label": "3300 ft MSL", "hoehe_geschaetzt": false, "info": "GRS 613mtr", "quelle": "vlflugzeuge.de/Dateien/Platzrunden.txt"}, "geometry": {"type": "Polygon", "coordinates": [[[10.351389, 47.694722], [10.369722, 47.698333], [10.3775, 47.675], [10.345556, 47.667778], [10.298889, 47.656111], [10.2875, 47.681667], [10.320833, 47.688611], [10.351389, 47.694722]]]}}, {"type": "Feature", "properties": {"name": "Kempten 17/35", "icao": "EDMK", "typ": "platzrunde", "bahn": "17/35", "hoehe_ft": 3300, "hoehe_bezug": "MSL", "hoehe_label": "3300 ft MSL", "hoehe_geschaetzt": false, "info": "GRS 741mtr", "quelle": "vlflugzeuge.de/Dateien/Platzrunden.txt"}, "geometry": {"type": "Polygon", "coordinates": [[[10.335, 47.699444], [10.333611, 47.703056], [10.365556, 47.710278], [10.3775, 47.675], [10.345556, 47.667778], [10.340833, 47.681944], [10.335, 47.699444]]]}}, {"type": "Feature", "properties": {"name": "Kirchdorf", "icao": "EDNK", "typ": "platzrunde", "bahn": "0 ft", "hoehe_ft": null, "hoehe_bezug": "unbekannt", "hoehe_label": "keine Angabe (Annahme 1000 ft)", "hoehe_geschaetzt": true, "info": null, "quelle": "vlflugzeuge.de/Dateien/Platzrunden.txt"}, "geometry": {"type": "Polygon", "coordinates": [[[12.988333, 48.246944], [13.009167, 48.254722], [13.010278, 48.251389], [12.958611, 48.214444], [12.950278, 48.219722], [12.966667, 48.231389], [12.988333, 48.246944]]]}}, {"type": "Feature", "properties": {"name": "Klein Muehlingen", "icao": "EDOM", "typ": "platzrunde", "bahn": "0 ft", "hoehe_ft": null, "hoehe_bezug": "unbekannt", "hoehe_label": "keine Angabe (Annahme 1000 ft)", "hoehe_geschaetzt": true, "info": null, "quelle": "vlflugzeuge.de/Dateien/Platzrunden.txt"}, "geometry": {"type": "Polygon", "coordinates": [[[11.753889, 51.946667], [11.752778, 51.938611], [11.7875, 51.936667], [11.788889, 51.944722], [11.753889, 51.946667]]]}}, {"type": "Feature", "properties": {"name": "Klietz-Scharlibbe", "icao": "EDCL", "typ": "platzrunde", "bahn": "0 ft", "hoehe_ft": null, "hoehe_bezug": "unbekannt", "hoehe_label": "keine Angabe (Annahme 1000 ft)", "hoehe_geschaetzt": true, "info": null, "quelle": "vlflugzeuge.de/Dateien/Platzrunden.txt"}, "geometry": {"type": "Polygon", "coordinates": [[[12.072778, 52.692778], [12.055278, 52.690833], [12.046389, 52.721389], [12.065833, 52.723333], [12.072778, 52.692778]]]}}, {"type": "Feature", "properties": {"name": "Klix", "icao": "EDCI", "typ": "platzrunde", "bahn": "0 ft", "hoehe_ft": null, "hoehe_bezug": "unbekannt", "hoehe_label": "keine Angabe (Annahme 1000 ft)", "hoehe_geschaetzt": true, "info": null, "quelle": "vlflugzeuge.de/Dateien/Platzrunden.txt"}, "geometry": {"type": "Polygon", "coordinates": [[[14.478611, 51.275278], [14.475556, 51.263611], [14.529167, 51.257222], [14.532778, 51.268889], [14.478611, 51.275278]]]}}, {"type": "Feature", "properties": {"name": "Koblenz-Winningen Exit24", "icao": "EDRK", "typ": "strecke", "bahn": "260 Degr", "hoehe_ft": 1600, "hoehe_bezug": "MSL", "hoehe_label": "1600 ft MSL", "hoehe_geschaetzt": false, "info": "outbound", "quelle": "vlflugzeuge.de/Dateien/Platzrunden.txt"}, "geometry": {"type": "LineString", "coordinates": [[7.514722, 50.321111], [7.495833, 50.319722]]}}, {"type": "Feature", "properties": {"name": "Koblenz-Winningen Nord", "icao": "EDRK", "typ": "platzrunde", "bahn": "06/24", "hoehe_ft": 1600, "hoehe_bezug": "MSL", "hoehe_label": "1600 ft MSL", "hoehe_geschaetzt": false, "info": "995mtr, UL, MOGAS", "quelle": "vlflugzeuge.de/Dateien/Platzrunden.txt"}, "geometry": {"type": "Polygon", "coordinates": [[[7.544444, 50.331667], [7.526944, 50.349722], [7.473056, 50.328333], [7.490278, 50.310278], [7.544444, 50.331667]]]}}, {"type": "Feature", "properties": {"name": "Koblenz-Winningen Sued", "icao": "EDRK", "typ": "platzrunde", "bahn": "06/24", "hoehe_ft": 1600, "hoehe_bezug": "MSL", "hoehe_label": "1600 ft MSL", "hoehe_geschaetzt": false, "info": "995mtr, UL, MOGAS", "quelle": "vlflugzeuge.de/Dateien/Platzrunden.txt"}, "geometry": {"type": "Polygon", "coordinates": [[[7.515833, 50.320556], [7.490278, 50.310278], [7.505833, 50.295278], [7.565556, 50.319167], [7.550556, 50.334167], [7.537222, 50.328889], [7.515833, 50.320556]]]}}, {"type": "Feature", "properties": {"name": "Koethen", "icao": "EDCK", "typ": "platzrunde", "bahn": "0 ft", "hoehe_ft": null, "hoehe_bezug": "unbekannt", "hoehe_label": "keine Angabe (Annahme 1000 ft)", "hoehe_geschaetzt": true, "info": null, "quelle": "vlflugzeuge.de/Dateien/Platzrunden.txt"}, "geometry": {"type": "Polygon", "coordinates": [[[11.926111, 51.716944], [11.932778, 51.705833], [11.984444, 51.717222], [11.977778, 51.728889], [11.926111, 51.716944]]]}}, {"type": "Feature", "properties": {"name": "Konstanz", "icao": "EDTZ", "typ": "platzrunde", "bahn": "0 ft", "hoehe_ft": null, "hoehe_bezug": "unbekannt", "hoehe_label": "keine Angabe (Annahme 1000 ft)", "hoehe_geschaetzt": true, "info": null, "quelle": "vlflugzeuge.de/Dateien/Platzrunden.txt"}, "geometry": {"type": "Polygon", "coordinates": [[[9.130556, 47.684444], [9.125278, 47.686667], [9.111667, 47.686667], [9.105556, 47.682778], [9.105556, 47.6775], [9.111389, 47.673889], [9.153889, 47.668056], [9.158333, 47.673611], [9.151667, 47.676111], [9.130556, 47.684444]]]}}, {"type": "Feature", "properties": {"name": "Korbach", "icao": "EDGK", "typ": "platzrunde", "bahn": "0 ft", "hoehe_ft": null, "hoehe_bezug": "unbekannt", "hoehe_label": "keine Angabe (Annahme 1000 ft)", "hoehe_geschaetzt": true, "info": null, "quelle": "vlflugzeuge.de/Dateien/Platzrunden.txt"}, "geometry": {"type": "Polygon", "coordinates": [[[8.865556, 51.245833], [8.862778, 51.242778], [8.862778, 51.241111], [8.871944, 51.237222], [8.874722, 51.238056], [8.896944, 51.26], [8.896389, 51.261667], [8.888056, 51.265], [8.885, 51.264722], [8.880833, 51.260556], [8.865556, 51.245833]]]}}, {"type": "Feature", "properties": {"name": "Krefeld", "icao": "EDLK", "typ": "platzrunde", "bahn": "0 ft", "hoehe_ft": null, "hoehe_bezug": "unbekannt", "hoehe_label": "keine Angabe (Annahme 1000 ft)", "hoehe_geschaetzt": true, "info": null, "quelle": "vlflugzeuge.de/Dateien/Platzrunden.txt"}, "geometry": {"type": "Polygon", "coordinates": [[[6.576389, 51.381111], [6.557222, 51.375], [6.541667, 51.394722], [6.604167, 51.404722], [6.611667, 51.393056], [6.598889, 51.388611], [6.576389, 51.381111]]]}}, {"type": "Feature", "properties": {"name": "Kulmbach", "icao": "EDQK", "typ": "platzrunde", "bahn": "09/27", "hoehe_ft": 2500, "hoehe_bezug": "MSL", "hoehe_label": "2500 ft MSL", "hoehe_geschaetzt": false, "info": "ASP 719mtr", "quelle": "vlflugzeuge.de/Dateien/Platzrunden.txt"}, "geometry": {"type": "Polygon", "coordinates": [[[11.440556, 50.134444], [11.426667, 50.137778], [11.426111, 50.151111], [11.494167, 50.152778], [11.495, 50.135556], [11.474444, 50.135278], [11.440556, 50.134444]]]}}, {"type": "Feature", "properties": {"name": "Kyritz", "icao": "EDBK", "typ": "platzrunde", "bahn": "0 ft", "hoehe_ft": null, "hoehe_bezug": "unbekannt", "hoehe_label": "keine Angabe (Annahme 1000 ft)", "hoehe_geschaetzt": true, "info": null, "quelle": "vlflugzeuge.de/Dateien/Platzrunden.txt"}, "geometry": {"type": "Polygon", "coordinates": [[[12.406389, 52.933333], [12.379444, 52.920556], [12.417778, 52.890278], [12.444722, 52.903333], [12.406389, 52.933333]]]}}, {"type": "Feature", "properties": {"name": "Kührstedt-Bederkesa", "icao": "EDXZ", "typ": "platzrunde", "bahn": "0 ft", "hoehe_ft": null, "hoehe_bezug": "unbekannt", "hoehe_label": "keine Angabe (Annahme 1000 ft)", "hoehe_geschaetzt": true, "info": null, "quelle": "vlflugzeuge.de/Dateien/Platzrunden.txt"}, "geometry": {"type": "Polygon", "coordinates": [[[8.7575, 53.5775], [8.743333, 53.5625], [8.8, 53.544167], [8.814167, 53.56], [8.7575, 53.5775]]]}}, {"type": "Feature", "properties": {"name": "Lachen Speyerdorf", "icao": "EDRL", "typ": "platzrunde", "bahn": "0 ft", "hoehe_ft": null, "hoehe_bezug": "unbekannt", "hoehe_label": "keine Angabe (Annahme 1000 ft)", "hoehe_geschaetzt": true, "info": null, "quelle": "vlflugzeuge.de/Dateien/Platzrunden.txt"}, "geometry": {"type": "Polygon", "coordinates": [[[8.180278, 49.337222], [8.17, 49.323056], [8.231389, 49.304444], [8.241667, 49.318889], [8.180278, 49.337222]]]}}, {"type": "Feature", "properties": {"name": "Lager Hammelburg", "icao": "EDFJ", "typ": "platzrunde", "bahn": "0 ft", "hoehe_ft": null, "hoehe_bezug": "unbekannt", "hoehe_label": "keine Angabe (Annahme 1000 ft)", "hoehe_geschaetzt": true, "info": null, "quelle": "vlflugzeuge.de/Dateien/Platzrunden.txt"}, "geometry": {"type": "Polygon", "coordinates": [[[9.858333, 50.104444], [9.869167, 50.133333], [9.921944, 50.125278], [9.911667, 50.096111], [9.858333, 50.104444]]]}}, {"type": "Feature", "properties": {"name": "Lahr", "icao": "EDTL", "typ": "platzrunde", "bahn": "0 ft", "hoehe_ft": null, "hoehe_bezug": "unbekannt", "hoehe_label": "keine Angabe (Annahme 1000 ft)", "hoehe_geschaetzt": true, "info": null, "quelle": "vlflugzeuge.de/Dateien/Platzrunden.txt"}, "geometry": {"type": "Polygon", "coordinates": [[[7.808056, 48.348056], [7.796389, 48.351944], [7.834167, 48.399722], [7.845833, 48.395833], [7.808056, 48.348056]]]}}, {"type": "Feature", "properties": {"name": "Laichingen", "icao": "EDPJ", "typ": "platzrunde", "bahn": "0 ft", "hoehe_ft": null, "hoehe_bezug": "unbekannt", "hoehe_label": "keine Angabe (Annahme 1000 ft)", "hoehe_geschaetzt": true, "info": null, "quelle": "vlflugzeuge.de/Dateien/Platzrunden.txt"}, "geometry": {"type": "Polygon", "coordinates": [[[9.653056, 48.5025], [9.644444, 48.508611], [9.618611, 48.5025], [9.623333, 48.494167], [9.653056, 48.5025]]]}}, {"type": "Feature", "properties": {"name": "Landshut", "icao": "EDML", "typ": "platzrunde", "bahn": "0 ft", "hoehe_ft": null, "hoehe_bezug": "unbekannt", "hoehe_label": "keine Angabe (Annahme 1000 ft)", "hoehe_geschaetzt": true, "info": null, "quelle": "vlflugzeuge.de/Dateien/Platzrunden.txt"}, "geometry": {"type": "Polygon", "coordinates": [[[12.049167, 48.515278], [12.063889, 48.517778], [12.071389, 48.521944], [12.073611, 48.530278], [12.057222, 48.556667], [11.956111, 48.534167], [11.980278, 48.494722], [12.013056, 48.505556], [12.049167, 48.515278]]]}}, {"type": "Feature", "properties": {"name": "Langenlonsheim", "icao": "EDEL", "typ": "platzrunde", "bahn": "01/19", "hoehe_ft": 1300, "hoehe_bezug": "MSL?", "hoehe_label": "1300 ft", "hoehe_geschaetzt": false, "info": "GND", "quelle": "vlflugzeuge.de/Dateien/Platzrunden.txt"}, "geometry": {"type": "Polygon", "coordinates": [[[7.904722, 49.896944], [7.916667, 49.885], [7.946111, 49.884722], [7.951667, 49.926389], [7.913333, 49.929722], [7.904722, 49.896944]]]}}, {"type": "Feature", "properties": {"name": "Langeoog", "icao": "EDWL", "typ": "platzrunde", "bahn": "05/23", "hoehe_ft": 800, "hoehe_bezug": "MSL?", "hoehe_label": "800 ft", "hoehe_geschaetzt": false, "info": "600 m, UL(PPR)", "quelle": "vlflugzeuge.de/Dateien/Platzrunden.txt"}, "geometry": {"type": "Polygon", "coordinates": [[[7.485278, 53.736944], [7.475833, 53.733056], [7.489722, 53.721667], [7.533333, 53.740556], [7.519444, 53.751667], [7.51, 53.747778], [7.485278, 53.736944]]]}}, {"type": "Feature", "properties": {"name": "Langhennersdorf", "icao": "EDOH", "typ": "platzrunde", "bahn": "0 ft", "hoehe_ft": null, "hoehe_bezug": "unbekannt", "hoehe_label": "keine Angabe (Annahme 1000 ft)", "hoehe_geschaetzt": true, "info": null, "quelle": "vlflugzeuge.de/Dateien/Platzrunden.txt"}, "geometry": {"type": "Polygon", "coordinates": [[[13.237222, 50.934722], [13.247778, 50.925556], [13.298889, 50.949167], [13.288333, 50.958333], [13.237222, 50.934722]]]}}, {"type": "Feature", "properties": {"name": "Laucha", "icao": "EDBL", "typ": "platzrunde", "bahn": "0 ft", "hoehe_ft": null, "hoehe_bezug": "unbekannt", "hoehe_label": "keine Angabe (Annahme 1000 ft)", "hoehe_geschaetzt": true, "info": null, "quelle": "vlflugzeuge.de/Dateien/Platzrunden.txt"}, "geometry": {"type": "Polygon", "coordinates": [[[11.666944, 51.243889], [11.667222, 51.231667], [11.720278, 51.231667], [11.720278, 51.243889], [11.666944, 51.243889]]]}}, {"type": "Feature", "properties": {"name": "Lauenbrück", "icao": "EDHU", "typ": "platzrunde", "bahn": "0 ft", "hoehe_ft": null, "hoehe_bezug": "unbekannt", "hoehe_label": "keine Angabe (Annahme 1000 ft)", "hoehe_geschaetzt": true, "info": null, "quelle": "vlflugzeuge.de/Dateien/Platzrunden.txt"}, "geometry": {"type": "Polygon", "coordinates": [[[9.553889, 53.212778], [9.563056, 53.228611], [9.606111, 53.219722], [9.596944, 53.203889], [9.553889, 53.212778]]]}}, {"type": "Feature", "properties": {"name": "Lauf Lillinghof", "icao": "EDQI", "typ": "platzrunde", "bahn": "0 ft", "hoehe_ft": null, "hoehe_bezug": "unbekannt", "hoehe_label": "keine Angabe (Annahme 1000 ft)", "hoehe_geschaetzt": true, "info": null, "quelle": "vlflugzeuge.de/Dateien/Platzrunden.txt"}, "geometry": {"type": "Polygon", "coordinates": [[[11.266667, 49.6], [11.27, 49.5925], [11.307222, 49.599444], [11.303889, 49.606944], [11.266667, 49.6]]]}}, {"type": "Feature", "properties": {"name": "Lauterbach", "icao": "EDFT", "typ": "platzrunde", "bahn": "06/24", "hoehe_ft": 2000, "hoehe_bezug": "MSL", "hoehe_label": "2000 ft MSL", "hoehe_geschaetzt": false, "info": "GRS 680mtr", "quelle": "vlflugzeuge.de/Dateien/Platzrunden.txt"}, "geometry": {"type": "Polygon", "coordinates": [[[9.403333, 50.681111], [9.390556, 50.6775], [9.3825, 50.689167], [9.425, 50.700833], [9.432778, 50.689722], [9.428056, 50.688333], [9.403333, 50.681111]]]}}, {"type": "Feature", "properties": {"name": "Leck", "icao": "EDXK", "typ": "platzrunde", "bahn": "0 ft", "hoehe_ft": null, "hoehe_bezug": "unbekannt", "hoehe_label": "keine Angabe (Annahme 1000 ft)", "hoehe_geschaetzt": true, "info": null, "quelle": "vlflugzeuge.de/Dateien/Platzrunden.txt"}, "geometry": {"type": "Polygon", "coordinates": [[[8.983889, 54.784444], [8.994444, 54.795833], [8.955833, 54.813333], [8.941944, 54.798333], [8.983889, 54.784444]]]}}, {"type": "Feature", "properties": {"name": "Leer-Papenburg", "icao": "EDWF", "typ": "platzrunde", "bahn": "08/26", "hoehe_ft": 800, "hoehe_bezug": "MSL", "hoehe_label": "800 ft MSL", "hoehe_geschaetzt": false, "info": "ASP 1200mtr", "quelle": "vlflugzeuge.de/Dateien/Platzrunden.txt"}, "geometry": {"type": "Polygon", "coordinates": [[[7.426944, 53.270278], [7.405556, 53.267778], [7.399444, 53.285833], [7.471944, 53.293889], [7.478056, 53.276111], [7.456389, 53.273333], [7.426944, 53.270278]]]}}, {"type": "Feature", "properties": {"name": "Leutkirch-Unterzeil", "icao": "EDNL", "typ": "platzrunde", "bahn": "0 ft", "hoehe_ft": null, "hoehe_bezug": "unbekannt", "hoehe_label": "keine Angabe (Annahme 1000 ft)", "hoehe_geschaetzt": true, "info": null, "quelle": "vlflugzeuge.de/Dateien/Platzrunden.txt"}, "geometry": {"type": "Polygon", "coordinates": [[[9.987222, 47.846667], [9.996944, 47.836944], [10.053333, 47.861389], [10.043889, 47.871389], [9.987222, 47.846667]]]}}, {"type": "Feature", "properties": {"name": "Leverkusen", "icao": "EDKL", "typ": "platzrunde", "bahn": "15/33", "hoehe_ft": 1000, "hoehe_bezug": "MSL?", "hoehe_label": "1000 ft", "hoehe_geschaetzt": false, "info": "925 m, UL, MOGAS", "quelle": "vlflugzeuge.de/Dateien/Platzrunden.txt"}, "geometry": {"type": "Polygon", "coordinates": [[[6.998056, 51.026389], [6.990556, 51.034722], [6.991667, 51.0375], [7.010278, 51.044167], [7.014722, 51.043611], [7.043056, 51.011111], [7.041944, 51.008333], [7.023611, 51.001944], [7.019167, 51.002778], [7.015556, 51.006667], [6.998056, 51.026389]]]}}, {"type": "Feature", "properties": {"name": "Lichtenfels", "icao": "EDQL", "typ": "platzrunde", "bahn": "0 ft", "hoehe_ft": null, "hoehe_bezug": "unbekannt", "hoehe_label": "keine Angabe (Annahme 1000 ft)", "hoehe_geschaetzt": true, "info": null, "quelle": "vlflugzeuge.de/Dateien/Platzrunden.txt"}, "geometry": {"type": "Polygon", "coordinates": [[[11.026944, 50.135833], [11.007222, 50.145278], [11.058611, 50.187222], [11.078056, 50.1775], [11.026944, 50.135833]]]}}, {"type": "Feature", "properties": {"name": "Linkenheim", "icao": "EDRI", "typ": "platzrunde", "bahn": "0 ft", "hoehe_ft": null, "hoehe_bezug": "unbekannt", "hoehe_label": "keine Angabe (Annahme 1000 ft)", "hoehe_geschaetzt": true, "info": null, "quelle": "vlflugzeuge.de/Dateien/Platzrunden.txt"}, "geometry": {"type": "Polygon", "coordinates": [[[8.379722, 49.133889], [8.37, 49.141111], [8.402778, 49.160556], [8.412778, 49.153333], [8.379722, 49.133889]]]}}, {"type": "Feature", "properties": {"name": "Luesse", "icao": "EDOJ", "typ": "platzrunde", "bahn": "0 ft", "hoehe_ft": null, "hoehe_bezug": "unbekannt", "hoehe_label": "keine Angabe (Annahme 1000 ft)", "hoehe_geschaetzt": true, "info": null, "quelle": "vlflugzeuge.de/Dateien/Platzrunden.txt"}, "geometry": {"type": "Polygon", "coordinates": [[[12.648611, 52.133611], [12.654444, 52.125556], [12.695833, 52.136944], [12.689722, 52.145556], [12.648611, 52.133611]]]}}, {"type": "Feature", "properties": {"name": "Lüchow-Rehbeck", "icao": "EDHC", "typ": "platzrunde", "bahn": "0 ft", "hoehe_ft": null, "hoehe_bezug": "unbekannt", "hoehe_label": "keine Angabe (Annahme 1000 ft)", "hoehe_geschaetzt": true, "info": null, "quelle": "vlflugzeuge.de/Dateien/Platzrunden.txt"}, "geometry": {"type": "Polygon", "coordinates": [[[11.133056, 53.031111], [11.149722, 53.035833], [11.171111, 53.008056], [11.154722, 53.003056], [11.133056, 53.031111]]]}}, {"type": "Feature", "properties": {"name": "Lüneburg", "icao": "EDHG", "typ": "platzrunde", "bahn": "0 ft", "hoehe_ft": null, "hoehe_bezug": "unbekannt", "hoehe_label": "keine Angabe (Annahme 1000 ft)", "hoehe_geschaetzt": true, "info": null, "quelle": "vlflugzeuge.de/Dateien/Platzrunden.txt"}, "geometry": {"type": "Polygon", "coordinates": [[[10.429444, 53.242778], [10.438889, 53.225556], [10.501944, 53.237222], [10.492778, 53.254722], [10.429444, 53.242778]]]}}, {"type": "Feature", "properties": {"name": "Magdeburg", "icao": "EDBM", "typ": "platzrunde", "bahn": "0 ft", "hoehe_ft": null, "hoehe_bezug": "unbekannt", "hoehe_label": "keine Angabe (Annahme 1000 ft)", "hoehe_geschaetzt": true, "info": null, "quelle": "vlflugzeuge.de/Dateien/Platzrunden.txt", "icao_original": "EDBC", "korrektur": "ICAO korrigiert (Geometrie lag 8-232 km vom angegebenen Platz, aber <2 km vom hier genannten)"}, "geometry": {"type": "Polygon", "coordinates": [[[11.5975, 52.072778], [11.598611, 52.06], [11.656944, 52.061667], [11.656111, 52.074444], [11.5975, 52.072778]]]}}, {"type": "Feature", "properties": {"name": "Mainbullau", "icao": "EDFU", "typ": "platzrunde", "bahn": "0 ft", "hoehe_ft": null, "hoehe_bezug": "unbekannt", "hoehe_label": "keine Angabe (Annahme 1000 ft)", "hoehe_geschaetzt": true, "info": null, "quelle": "vlflugzeuge.de/Dateien/Platzrunden.txt"}, "geometry": {"type": "Polygon", "coordinates": [[[9.159444, 49.680833], [9.173611, 49.668889], [9.221389, 49.691944], [9.206667, 49.704722], [9.159444, 49.680833]]]}}, {"type": "Feature", "properties": {"name": "Mainz-Finthen", "icao": "EDFZ", "typ": "platzrunde", "bahn": "08/26", "hoehe_ft": 1700, "hoehe_bezug": "MSL?", "hoehe_label": "1700 ft", "hoehe_geschaetzt": false, "info": "1000 m, UL, MOGAS", "quelle": "vlflugzeuge.de/Dateien/Platzrunden.txt"}, "geometry": {"type": "Polygon", "coordinates": [[[8.175, 49.972778], [8.179444, 49.961111], [8.168056, 49.950556], [8.118889, 49.943056], [8.111389, 49.962778], [8.175, 49.972778]]]}}, {"type": "Feature", "properties": {"name": "Marburg", "icao": "EDFN", "typ": "platzrunde", "bahn": "0 ft", "hoehe_ft": null, "hoehe_bezug": "unbekannt", "hoehe_label": "keine Angabe (Annahme 1000 ft)", "hoehe_geschaetzt": true, "info": null, "quelle": "vlflugzeuge.de/Dateien/Platzrunden.txt"}, "geometry": {"type": "Polygon", "coordinates": [[[8.823889, 50.8825], [8.838333, 50.895278], [8.843056, 50.896111], [8.874167, 50.881667], [8.874722, 50.878611], [8.833056, 50.842222], [8.827778, 50.842222], [8.798056, 50.855833], [8.796944, 50.858889], [8.805278, 50.866389], [8.823889, 50.8825]]]}}, {"type": "Feature", "properties": {"name": "Marl", "icao": "EDLM", "typ": "platzrunde", "bahn": "0 ft", "hoehe_ft": null, "hoehe_bezug": "unbekannt", "hoehe_label": "keine Angabe (Annahme 1000 ft)", "hoehe_geschaetzt": true, "info": null, "quelle": "vlflugzeuge.de/Dateien/Platzrunden.txt"}, "geometry": {"type": "Polygon", "coordinates": [[[7.146667, 51.643611], [7.136111, 51.641389], [7.134167, 51.639722], [7.133889, 51.637778], [7.135556, 51.635833], [7.158611, 51.628333], [7.162778, 51.628333], [7.209722, 51.638056], [7.211389, 51.640278], [7.204444, 51.653611], [7.201111, 51.654722], [7.181944, 51.650833], [7.146667, 51.643611]]]}}, {"type": "Feature", "properties": {"name": "Meinerzhagen", "icao": "EDKZ", "typ": "platzrunde", "bahn": "0 ft", "hoehe_ft": null, "hoehe_bezug": "unbekannt", "hoehe_label": "keine Angabe (Annahme 1000 ft)", "hoehe_geschaetzt": true, "info": null, "quelle": "vlflugzeuge.de/Dateien/Platzrunden.txt"}, "geometry": {"type": "Polygon", "coordinates": [[[7.614444, 51.103889], [7.626389, 51.106389], [7.62, 51.118611], [7.562778, 51.1075], [7.569444, 51.095], [7.584722, 51.098056], [7.614444, 51.103889]]]}}, {"type": "Feature", "properties": {"name": "Melle-Groenegau", "icao": "EDXG", "typ": "platzrunde", "bahn": "09/27", "hoehe_ft": 1300, "hoehe_bezug": "MSL", "hoehe_label": "1300 ft MSL", "hoehe_geschaetzt": false, "info": "ASP 609mtr", "quelle": "vlflugzeuge.de/Dateien/Platzrunden.txt"}, "geometry": {"type": "Polygon", "coordinates": [[[8.390833, 52.200833], [8.408611, 52.200556], [8.408056, 52.187222], [8.355278, 52.187778], [8.355556, 52.201111], [8.369444, 52.200833], [8.390833, 52.200833]]]}}, {"type": "Feature", "properties": {"name": "Mendig", "icao": "EDRE", "typ": "platzrunde", "bahn": "07/25", "hoehe_ft": 1500, "hoehe_bezug": "MSL", "hoehe_label": "1500 ft MSL", "hoehe_geschaetzt": false, "info": "ASP 1615mtr, UL", "quelle": "vlflugzeuge.de/Dateien/Platzrunden.txt"}, "geometry": {"type": "Polygon", "coordinates": [[[7.329444, 50.368611], [7.345556, 50.371111], [7.352778, 50.354167], [7.296944, 50.345], [7.290278, 50.361667], [7.301667, 50.363611], [7.329444, 50.368611]]]}}, {"type": "Feature", "properties": {"name": "Mengen Hohentengen Nord", "icao": "EDTM", "typ": "platzrunde", "bahn": "08/26", "hoehe_ft": 2800, "hoehe_bezug": "MSL", "hoehe_label": "2800 ft MSL", "hoehe_geschaetzt": false, "info": "ASP 1266mtr", "quelle": "vlflugzeuge.de/Dateien/Platzrunden.txt"}, "geometry": {"type": "Polygon", "coordinates": [[[9.3475, 48.051944], [9.345278, 48.059722], [9.395, 48.067222], [9.397778, 48.059444], [9.3475, 48.051944]]]}}, {"type": "Feature", "properties": {"name": "Mengen Hohentengen Sued", "icao": "EDTM", "typ": "platzrunde", "bahn": "08/26", "hoehe_ft": 2800, "hoehe_bezug": "MSL", "hoehe_label": "2800 ft MSL", "hoehe_geschaetzt": false, "info": "ASP 1266mtr", "quelle": "vlflugzeuge.de/Dateien/Platzrunden.txt"}, "geometry": {"type": "Polygon", "coordinates": [[[9.406111, 48.058611], [9.408889, 48.051111], [9.358889, 48.043611], [9.356389, 48.050833], [9.406111, 48.058611]]]}}, {"type": "Feature", "properties": {"name": "Mengeringhausen", "icao": "EDVG", "typ": "platzrunde", "bahn": "0 ft", "hoehe_ft": null, "hoehe_bezug": "unbekannt", "hoehe_label": "keine Angabe (Annahme 1000 ft)", "hoehe_geschaetzt": true, "info": null, "quelle": "vlflugzeuge.de/Dateien/Platzrunden.txt"}, "geometry": {"type": "Polygon", "coordinates": [[[8.969444, 51.381111], [8.960278, 51.384722], [8.957222, 51.384167], [8.943889, 51.371667], [8.944167, 51.369722], [8.988056, 51.352222], [8.991111, 51.3525], [9.004444, 51.365], [9.003889, 51.366944], [8.993333, 51.371389], [8.969444, 51.381111]]]}}, {"type": "Feature", "properties": {"name": "Merseburg", "icao": "EDAM", "typ": "platzrunde", "bahn": "0 ft", "hoehe_ft": null, "hoehe_bezug": "unbekannt", "hoehe_label": "keine Angabe (Annahme 1000 ft)", "hoehe_geschaetzt": true, "info": null, "quelle": "vlflugzeuge.de/Dateien/Platzrunden.txt"}, "geometry": {"type": "Polygon", "coordinates": [[[11.9125, 51.361111], [11.907778, 51.3775], [11.959722, 51.383333], [11.964444, 51.366944], [11.9125, 51.361111]]]}}, {"type": "Feature", "properties": {"name": "Meschede", "icao": "EDKM", "typ": "platzrunde", "bahn": "04/22", "hoehe_ft": 2500, "hoehe_bezug": "MSL?", "hoehe_label": "2500 ft", "hoehe_geschaetzt": false, "info": "900 m, UL(PPR), MOGAS", "quelle": "vlflugzeuge.de/Dateien/Platzrunden.txt"}, "geometry": {"type": "Polygon", "coordinates": [[[8.222778, 51.289722], [8.216111, 51.284444], [8.215, 51.2825], [8.216111, 51.280556], [8.239722, 51.268889], [8.242222, 51.268333], [8.245556, 51.268889], [8.291944, 51.306111], [8.2925, 51.307778], [8.291389, 51.309444], [8.267222, 51.321389], [8.264167, 51.321667], [8.261111, 51.320556], [8.254722, 51.315556], [8.222778, 51.289722]]]}}, {"type": "Feature", "properties": {"name": "Michelstadt", "icao": "EDFO", "typ": "platzrunde", "bahn": "0 ft", "hoehe_ft": null, "hoehe_bezug": "unbekannt", "hoehe_label": "keine Angabe (Annahme 1000 ft)", "hoehe_geschaetzt": true, "info": null, "quelle": "vlflugzeuge.de/Dateien/Platzrunden.txt"}, "geometry": {"type": "Polygon", "coordinates": [[[8.986944, 49.679444], [9.024722, 49.6825], [9.020278, 49.704444], [8.916389, 49.696389], [8.9225, 49.674167], [8.954722, 49.676944], [8.986944, 49.679444]]]}}, {"type": "Feature", "properties": {"name": "Mindelheim Mattsies", "icao": "EDMN", "typ": "platzrunde", "bahn": "0 ft", "hoehe_ft": null, "hoehe_bezug": "unbekannt", "hoehe_label": "keine Angabe (Annahme 1000 ft)", "hoehe_geschaetzt": true, "info": null, "quelle": "vlflugzeuge.de/Dateien/Platzrunden.txt"}, "geometry": {"type": "Polygon", "coordinates": [[[10.532222, 48.093889], [10.519722, 48.089722], [10.498333, 48.119444], [10.509722, 48.123333], [10.532222, 48.093889]]]}}, {"type": "Feature", "properties": {"name": "Moenchsheide", "icao": null, "typ": "platzrunde", "bahn": "11/29 * 1650ft * UL * MOGAS", "hoehe_ft": 1650, "hoehe_bezug": "MSL?", "hoehe_label": "1650 ft", "hoehe_geschaetzt": false, "info": "750 m UL MOGAS", "quelle": "vlflugzeuge.de/Dateien/Platzrunden.txt"}, "geometry": {"type": "Polygon", "coordinates": [[[7.262778, 50.5075], [7.279722, 50.509722], [7.282222, 50.521667], [7.236111, 50.526111], [7.2325, 50.510278], [7.250556, 50.508611], [7.262778, 50.5075]]]}}, {"type": "Feature", "properties": {"name": "Moerlen", "icao": "EDFP", "typ": "platzrunde", "bahn": "05/23", "hoehe_ft": 2000, "hoehe_bezug": "MSL", "hoehe_label": "2000 ft MSL", "hoehe_geschaetzt": false, "info": "GRS 488mtr", "quelle": "vlflugzeuge.de/Dateien/Platzrunden.txt"}, "geometry": {"type": "Polygon", "coordinates": [[[8.719444, 50.366667], [8.727778, 50.371667], [8.686389, 50.388333], [8.640556, 50.362222], [8.669444, 50.339444], [8.7, 50.355833], [8.719444, 50.366667]]]}}, {"type": "Feature", "properties": {"name": "Moosburg auf der Kippe", "icao": "EDPI", "typ": "platzrunde", "bahn": "04/22", "hoehe_ft": 2300, "hoehe_bezug": "MSL", "hoehe_label": "2300 ft MSL", "hoehe_geschaetzt": false, "info": "GRS 500mtr", "quelle": "vlflugzeuge.de/Dateien/Platzrunden.txt"}, "geometry": {"type": "Polygon", "coordinates": [[[11.945556, 48.459722], [11.958333, 48.469722], [11.972222, 48.462222], [11.943056, 48.439167], [11.929167, 48.446944], [11.937778, 48.453611], [11.945556, 48.459722]]]}}, {"type": "Feature", "properties": {"name": "Mosbach Lohrbach Ost", "icao": "EDGM", "typ": "platzrunde", "bahn": "15/33", "hoehe_ft": 2000, "hoehe_bezug": "MSL", "hoehe_label": "2000 ft MSL", "hoehe_geschaetzt": false, "info": "ASP 540/585mtr, UL", "quelle": "vlflugzeuge.de/Dateien/Platzrunden.txt"}, "geometry": {"type": "Polygon", "coordinates": [[[9.107222, 49.416667], [9.137222, 49.428333], [9.166944, 49.396389], [9.136944, 49.384722], [9.107222, 49.416667]]]}}, {"type": "Feature", "properties": {"name": "Mosbach Lohrbach West", "icao": "EDGM", "typ": "platzrunde", "bahn": "15/33", "hoehe_ft": 2000, "hoehe_bezug": "MSL", "hoehe_label": "2000 ft MSL", "hoehe_geschaetzt": false, "info": "ASP 540/585mtr, UL", "quelle": "vlflugzeuge.de/Dateien/Platzrunden.txt"}, "geometry": {"type": "Polygon", "coordinates": [[[9.128056, 49.394444], [9.136944, 49.384722], [9.101944, 49.371111], [9.082222, 49.393056], [9.080556, 49.402222], [9.085, 49.407778], [9.107222, 49.416667], [9.117222, 49.405556], [9.128056, 49.394444]]]}}, {"type": "Feature", "properties": {"name": "Mosenberg", "icao": "EDEM", "typ": "platzrunde", "bahn": "0 ft", "hoehe_ft": null, "hoehe_bezug": "unbekannt", "hoehe_label": "keine Angabe (Annahme 1000 ft)", "hoehe_geschaetzt": true, "info": null, "quelle": "vlflugzeuge.de/Dateien/Platzrunden.txt"}, "geometry": {"type": "Polygon", "coordinates": [[[9.414167, 51.061111], [9.408333, 51.059722], [9.413333, 51.051667], [9.449722, 51.06], [9.444444, 51.068333], [9.434167, 51.065833], [9.414167, 51.061111]]]}}, {"type": "Feature", "properties": {"name": "Muehldorf", "icao": "EDMY", "typ": "platzrunde", "bahn": "0 ft", "hoehe_ft": null, "hoehe_bezug": "unbekannt", "hoehe_label": "keine Angabe (Annahme 1000 ft)", "hoehe_geschaetzt": true, "info": null, "quelle": "vlflugzeuge.de/Dateien/Platzrunden.txt"}, "geometry": {"type": "Polygon", "coordinates": [[[12.488333, 48.278611], [12.481111, 48.277778], [12.471111, 48.285833], [12.469444, 48.293333], [12.530278, 48.299444], [12.534167, 48.282778], [12.519167, 48.281389], [12.488333, 48.278611]]]}}, {"type": "Feature", "properties": {"name": "Muehlhausen", "icao": "EDEQ", "typ": "platzrunde", "bahn": "0 ft", "hoehe_ft": null, "hoehe_bezug": "unbekannt", "hoehe_label": "keine Angabe (Annahme 1000 ft)", "hoehe_geschaetzt": true, "info": null, "quelle": "vlflugzeuge.de/Dateien/Platzrunden.txt"}, "geometry": {"type": "Polygon", "coordinates": [[[10.576111, 51.218056], [10.573333, 51.226944], [10.519444, 51.220278], [10.522222, 51.212222], [10.576111, 51.218056]]]}}, {"type": "Feature", "properties": {"name": "Mueritz Airpark", "icao": "EDAX", "typ": "platzrunde", "bahn": "07/25", "hoehe_ft": 1000, "hoehe_bezug": "MSL", "hoehe_label": "1000 ft MSL", "hoehe_geschaetzt": false, "info": "CON 2080mtr", "quelle": "vlflugzeuge.de/Dateien/Platzrunden.txt"}, "geometry": {"type": "Polygon", "coordinates": [[[12.716111, 53.300556], [12.71, 53.315556], [12.783889, 53.326944], [12.790556, 53.311944], [12.716111, 53.300556]]]}}, {"type": "Feature", "properties": {"name": "Nabern", "icao": "EDTN", "typ": "platzrunde", "bahn": "0 ft", "hoehe_ft": null, "hoehe_bezug": "unbekannt", "hoehe_label": "keine Angabe (Annahme 1000 ft)", "hoehe_geschaetzt": true, "info": null, "quelle": "vlflugzeuge.de/Dateien/Platzrunden.txt"}, "geometry": {"type": "Polygon", "coordinates": [[[9.4675, 48.620833], [9.483056, 48.63], [9.507778, 48.6125], [9.486944, 48.606667], [9.4675, 48.620833]]]}}, {"type": "Feature", "properties": {"name": "Nannhausen", "icao": "EDRN", "typ": "platzrunde", "bahn": "06/24", "hoehe_ft": 2200, "hoehe_bezug": "MSL", "hoehe_label": "2200 ft MSL", "hoehe_geschaetzt": false, "info": "GRS 560mtr, UL", "quelle": "vlflugzeuge.de/Dateien/Platzrunden.txt"}, "geometry": {"type": "Polygon", "coordinates": [[[7.483333, 49.973611], [7.492222, 49.9775], [7.503611, 49.966111], [7.469722, 49.951944], [7.458611, 49.963333], [7.469722, 49.967778], [7.461667, 49.964722], [7.455556, 49.970556], [7.486667, 49.983333], [7.492222, 49.9775], [7.483333, 49.973611]]]}}, {"type": "Feature", "properties": {"name": "Nardt", "icao": "EDAT", "typ": "platzrunde", "bahn": "08/26", "hoehe_ft": 1200, "hoehe_bezug": "MSL", "hoehe_label": "1200 ft MSL", "hoehe_geschaetzt": false, "info": "GRS 610mtr", "quelle": "vlflugzeuge.de/Dateien/Platzrunden.txt"}, "geometry": {"type": "Polygon", "coordinates": [[[14.209722, 51.4525], [14.238333, 51.456389], [14.232778, 51.4725], [14.17, 51.464167], [14.176111, 51.448056], [14.193611, 51.450556], [14.209722, 51.4525]]]}}, {"type": "Feature", "properties": {"name": "Nauen", "icao": "EDCN", "typ": "platzrunde", "bahn": "0 ft", "hoehe_ft": null, "hoehe_bezug": "unbekannt", "hoehe_label": "keine Angabe (Annahme 1000 ft)", "hoehe_geschaetzt": true, "info": null, "quelle": "vlflugzeuge.de/Dateien/Platzrunden.txt"}, "geometry": {"type": "Polygon", "coordinates": [[[12.959444, 52.615], [12.953889, 52.605556], [12.861944, 52.626111], [12.866944, 52.635833], [12.959444, 52.615]]]}}, {"type": "Feature", "properties": {"name": "Neubrandenburg", "icao": "EDBN", "typ": "platzrunde", "bahn": "09/27", "hoehe_ft": 1000, "hoehe_bezug": "MSL", "hoehe_label": "1000 ft MSL", "hoehe_geschaetzt": false, "info": "CON 2293mtr", "quelle": "vlflugzeuge.de/Dateien/Platzrunden.txt"}, "geometry": {"type": "Polygon", "coordinates": [[[13.285556, 53.601667], [13.2625, 53.601111], [13.261389, 53.612778], [13.348333, 53.614444], [13.349167, 53.603056], [13.328889, 53.6025], [13.285556, 53.601667]]]}}, {"type": "Feature", "properties": {"name": "Neuburg Egweil", "icao": "EDNJ", "typ": "platzrunde", "bahn": "0 ft", "hoehe_ft": null, "hoehe_bezug": "unbekannt", "hoehe_label": "keine Angabe (Annahme 1000 ft)", "hoehe_geschaetzt": true, "info": null, "quelle": "vlflugzeuge.de/Dateien/Platzrunden.txt"}, "geometry": {"type": "Polygon", "coordinates": [[[11.220833, 48.782222], [11.241111, 48.7825], [11.237222, 48.796944], [11.190278, 48.791667], [11.192778, 48.780833], [11.220833, 48.782222]]]}}, {"type": "Feature", "properties": {"name": "Neuhardenberg", "icao": "EDON", "typ": "platzrunde", "bahn": "08/26", "hoehe_ft": 900, "hoehe_bezug": "MSL", "hoehe_label": "900 ft MSL", "hoehe_geschaetzt": false, "info": "CON 2400mtr", "quelle": "vlflugzeuge.de/Dateien/Platzrunden.txt"}, "geometry": {"type": "Polygon", "coordinates": [[[14.203056, 52.608333], [14.205, 52.597222], [14.286667, 52.6025], [14.284722, 52.614444], [14.203056, 52.608333]]]}}, {"type": "Feature", "properties": {"name": "Neuhausen", "icao": "EDAP", "typ": "platzrunde", "bahn": "11/29", "hoehe_ft": 1100, "hoehe_bezug": "MSL", "hoehe_label": "1100 ft MSL", "hoehe_geschaetzt": false, "info": "GRS 740mtr", "quelle": "vlflugzeuge.de/Dateien/Platzrunden.txt"}, "geometry": {"type": "Polygon", "coordinates": [[[14.4125, 51.688333], [14.401944, 51.690556], [14.410556, 51.705278], [14.458333, 51.694722], [14.449722, 51.68], [14.436944, 51.682778], [14.4125, 51.688333]]]}}, {"type": "Feature", "properties": {"name": "Neuhausen ob Eck", "icao": "EDSN", "typ": "platzrunde", "bahn": "09/27", "hoehe_ft": 3400, "hoehe_bezug": "MSL?", "hoehe_label": "3400 ft", "hoehe_geschaetzt": false, "info": "1248 m, UL", "quelle": "vlflugzeuge.de/Dateien/Platzrunden.txt"}, "geometry": {"type": "Polygon", "coordinates": [[[8.882222, 47.978056], [8.881944, 47.99], [8.925556, 47.99], [8.925556, 47.978056], [8.882222, 47.978056]]]}}, {"type": "Feature", "properties": {"name": "Neuhausen", "icao": "EDAP", "typ": "platzrunde", "bahn": "0 ft", "hoehe_ft": null, "hoehe_bezug": "unbekannt", "hoehe_label": "keine Angabe (Annahme 1000 ft)", "hoehe_geschaetzt": true, "info": null, "quelle": "vlflugzeuge.de/Dateien/Platzrunden.txt"}, "geometry": {"type": "Polygon", "coordinates": [[[14.395278, 51.686389], [14.395556, 51.703056], [14.453333, 51.703056], [14.453056, 51.686111], [14.395278, 51.686389]]]}}, {"type": "Feature", "properties": {"name": "Neumagen-Drohn", "icao": "EDRD", "typ": "platzrunde", "bahn": "09/27", "hoehe_ft": 1900, "hoehe_bezug": "MSL?", "hoehe_label": "1900 ft", "hoehe_geschaetzt": false, "info": "750 m, UL", "quelle": "vlflugzeuge.de/Dateien/Platzrunden.txt"}, "geometry": {"type": "Polygon", "coordinates": [[[6.903611, 49.8425], [6.893056, 49.842222], [6.893611, 49.832222], [6.939444, 49.832778], [6.938889, 49.843056], [6.929444, 49.842778], [6.903611, 49.8425]]]}}, {"type": "Feature", "properties": {"name": "Neumarkt", "icao": "EDPO", "typ": "platzrunde", "bahn": "0 ft", "hoehe_ft": null, "hoehe_bezug": "unbekannt", "hoehe_label": "keine Angabe (Annahme 1000 ft)", "hoehe_geschaetzt": true, "info": null, "quelle": "vlflugzeuge.de/Dateien/Platzrunden.txt"}, "geometry": {"type": "Polygon", "coordinates": [[[11.428333, 49.285556], [11.406667, 49.285833], [11.406389, 49.297222], [11.471667, 49.297222], [11.471944, 49.285556], [11.460833, 49.285556], [11.428333, 49.285556]]]}}, {"type": "Feature", "properties": {"name": "Neumuenster", "icao": "EDHN", "typ": "platzrunde", "bahn": "0 ft", "hoehe_ft": null, "hoehe_bezug": "unbekannt", "hoehe_label": "keine Angabe (Annahme 1000 ft)", "hoehe_geschaetzt": true, "info": null, "quelle": "vlflugzeuge.de/Dateien/Platzrunden.txt"}, "geometry": {"type": "Polygon", "coordinates": [[[9.930833, 54.0775], [9.910556, 54.075833], [9.903056, 54.098611], [9.975833, 54.106111], [9.983333, 54.082778], [9.957778, 54.080556], [9.930833, 54.0775]]]}}, {"type": "Feature", "properties": {"name": "Neustadt Aisch", "icao": "EDQN", "typ": "platzrunde", "bahn": "0 ft", "hoehe_ft": null, "hoehe_bezug": "unbekannt", "hoehe_label": "keine Angabe (Annahme 1000 ft)", "hoehe_geschaetzt": true, "info": null, "quelle": "vlflugzeuge.de/Dateien/Platzrunden.txt"}, "geometry": {"type": "Polygon", "coordinates": [[[10.590278, 49.586944], [10.605833, 49.586111], [10.609167, 49.613333], [10.548889, 49.616111], [10.545833, 49.588889], [10.563889, 49.588056], [10.590278, 49.586944]]]}}, {"type": "Feature", "properties": {"name": "Neustadt-Glewe", "icao": "EDAN", "typ": "platzrunde", "bahn": "0 ft", "hoehe_ft": null, "hoehe_bezug": "unbekannt", "hoehe_label": "keine Angabe (Annahme 1000 ft)", "hoehe_geschaetzt": true, "info": null, "quelle": "vlflugzeuge.de/Dateien/Platzrunden.txt"}, "geometry": {"type": "Polygon", "coordinates": [[[11.576667, 53.360556], [11.576667, 53.343611], [11.646667, 53.343611], [11.646667, 53.361111], [11.576667, 53.360556]]]}}, {"type": "Feature", "properties": {"name": "Nienburg-Holzbalge", "icao": "EDXI", "typ": "platzrunde", "bahn": "0 ft", "hoehe_ft": null, "hoehe_bezug": "unbekannt", "hoehe_label": "keine Angabe (Annahme 1000 ft)", "hoehe_geschaetzt": true, "info": null, "quelle": "vlflugzeuge.de/Dateien/Platzrunden.txt"}, "geometry": {"type": "Polygon", "coordinates": [[[9.147222, 52.708889], [9.131389, 52.708333], [9.1325, 52.698056], [9.193056, 52.700556], [9.191667, 52.710833], [9.176111, 52.710278], [9.147222, 52.708889]]]}}, {"type": "Feature", "properties": {"name": "Nittenau Bruck", "icao": "EDNM", "typ": "platzrunde", "bahn": "0 ft", "hoehe_ft": null, "hoehe_bezug": "unbekannt", "hoehe_label": "keine Angabe (Annahme 1000 ft)", "hoehe_geschaetzt": true, "info": null, "quelle": "vlflugzeuge.de/Dateien/Platzrunden.txt"}, "geometry": {"type": "Polygon", "coordinates": [[[12.293889, 49.215], [12.290556, 49.204444], [12.308889, 49.201944], [12.320556, 49.237778], [12.302222, 49.24], [12.299444, 49.230833], [12.293889, 49.215]]]}}, {"type": "Feature", "properties": {"name": "Noerdlingen", "icao": "EDNO", "typ": "platzrunde", "bahn": "04/22", "hoehe_ft": 2200, "hoehe_bezug": "MSL", "hoehe_label": "2200 ft MSL", "hoehe_geschaetzt": false, "info": "ASP 600mtr", "quelle": "vlflugzeuge.de/Dateien/Platzrunden.txt"}, "geometry": {"type": "Polygon", "coordinates": [[[10.501944, 48.868056], [10.493611, 48.861111], [10.481111, 48.867222], [10.506944, 48.888333], [10.519444, 48.881667], [10.511111, 48.875278], [10.501944, 48.868056]]]}}, {"type": "Feature", "properties": {"name": "Norden Norddeich Ost", "icao": "EDWS", "typ": "platzrunde", "bahn": "16/34", "hoehe_ft": 700, "hoehe_bezug": "MSL", "hoehe_label": "700 ft MSL", "hoehe_geschaetzt": false, "info": "ASP 720mtr, UL", "quelle": "vlflugzeuge.de/Dateien/Platzrunden.txt"}, "geometry": {"type": "Polygon", "coordinates": [[[7.193056, 53.627222], [7.197778, 53.619444], [7.223889, 53.625278], [7.204722, 53.655278], [7.179167, 53.649722], [7.186389, 53.6375], [7.193056, 53.627222]]]}}, {"type": "Feature", "properties": {"name": "Norden Norddeich West", "icao": "EDWS", "typ": "platzrunde", "bahn": "16/34", "hoehe_ft": 700, "hoehe_bezug": "MSL", "hoehe_label": "700 ft MSL", "hoehe_geschaetzt": false, "info": "ASP 720mtr, UL", "quelle": "vlflugzeuge.de/Dateien/Platzrunden.txt"}, "geometry": {"type": "Polygon", "coordinates": [[[7.179167, 53.649722], [7.153611, 53.644167], [7.1725, 53.613889], [7.197778, 53.619444], [7.179167, 53.649722]]]}}, {"type": "Feature", "properties": {"name": "Nordenbeck", "icao": "EDGN", "typ": "platzrunde", "bahn": "0 ft", "hoehe_ft": null, "hoehe_bezug": "unbekannt", "hoehe_label": "keine Angabe (Annahme 1000 ft)", "hoehe_geschaetzt": true, "info": null, "quelle": "vlflugzeuge.de/Dateien/Platzrunden.txt"}, "geometry": {"type": "Polygon", "coordinates": [[[8.794722, 51.231389], [8.793333, 51.23], [8.796667, 51.222778], [8.798611, 51.221944], [8.836389, 51.228333], [8.8375, 51.229722], [8.834444, 51.236944], [8.832222, 51.237778], [8.828611, 51.237222], [8.794722, 51.231389]]]}}, {"type": "Feature", "properties": {"name": "Norderney", "icao": "EDWY", "typ": "platzrunde", "bahn": "08/26", "hoehe_ft": 700, "hoehe_bezug": "MSL?", "hoehe_label": "700 ft", "hoehe_geschaetzt": false, "info": "1000 m , UL", "quelle": "vlflugzeuge.de/Dateien/Platzrunden.txt"}, "geometry": {"type": "Polygon", "coordinates": [[[7.213889, 53.705556], [7.201667, 53.705], [7.204722, 53.689722], [7.264722, 53.693611], [7.261944, 53.708611], [7.243889, 53.7075], [7.213889, 53.705556]]]}}, {"type": "Feature", "properties": {"name": "Nordhausen", "icao": "EDAO", "typ": "platzrunde", "bahn": "0 ft", "hoehe_ft": null, "hoehe_bezug": "unbekannt", "hoehe_label": "keine Angabe (Annahme 1000 ft)", "hoehe_geschaetzt": true, "info": null, "quelle": "vlflugzeuge.de/Dateien/Platzrunden.txt"}, "geometry": {"type": "Polygon", "coordinates": [[[10.810278, 51.495278], [10.802222, 51.479167], [10.859167, 51.471389], [10.865278, 51.488333], [10.810278, 51.495278]]]}}, {"type": "Feature", "properties": {"name": "Nordholz-Spieka", "icao": "EDXN", "typ": "platzrunde", "bahn": "0 ft", "hoehe_ft": null, "hoehe_bezug": "unbekannt", "hoehe_label": "keine Angabe (Annahme 1000 ft)", "hoehe_geschaetzt": true, "info": null, "quelle": "vlflugzeuge.de/Dateien/Platzrunden.txt"}, "geometry": {"type": "Polygon", "coordinates": [[[8.625833, 53.766389], [8.586389, 53.7625], [8.578889, 53.7875], [8.678889, 53.798333], [8.686111, 53.773333], [8.668889, 53.771111], [8.625833, 53.766389]]]}}, {"type": "Feature", "properties": {"name": "Nordhorn_Lingen Nord-West", "icao": "EDWN", "typ": "platzrunde", "bahn": "05/23", "hoehe_ft": 800, "hoehe_bezug": "MSL", "hoehe_label": "800 ft MSL", "hoehe_geschaetzt": false, "info": "ASP 680mtr", "quelle": "vlflugzeuge.de/Dateien/Platzrunden.txt"}, "geometry": {"type": "Polygon", "coordinates": [[[7.17, 52.451944], [7.151944, 52.444444], [7.1475, 52.444722], [7.146111, 52.445833], [7.129722, 52.46], [7.130556, 52.462778], [7.192222, 52.489444], [7.195278, 52.49], [7.198889, 52.489167], [7.215833, 52.474167], [7.215556, 52.473333], [7.214444, 52.471389], [7.195278, 52.462778], [7.17, 52.451944]]]}}, {"type": "Feature", "properties": {"name": "Nordhorn_Lingen Sued-Ost", "icao": "EDWN", "typ": "platzrunde", "bahn": "05/23", "hoehe_ft": 800, "hoehe_bezug": "MSL", "hoehe_label": "800 ft MSL", "hoehe_geschaetzt": false, "info": "ASP 680mtr", "quelle": "vlflugzeuge.de/Dateien/Platzrunden.txt"}, "geometry": {"type": "Polygon", "coordinates": [[[7.195278, 52.462778], [7.214444, 52.471389], [7.218056, 52.471389], [7.22, 52.470833], [7.236111, 52.456389], [7.236944, 52.454722], [7.235278, 52.4525], [7.173333, 52.426111], [7.168611, 52.426111], [7.151389, 52.441389], [7.151944, 52.444444], [7.17, 52.451944], [7.195278, 52.462778]]]}}, {"type": "Feature", "properties": {"name": "Northeim", "icao": "EDVN", "typ": "platzrunde", "bahn": "0 ft", "hoehe_ft": null, "hoehe_bezug": "unbekannt", "hoehe_label": "keine Angabe (Annahme 1000 ft)", "hoehe_geschaetzt": true, "info": null, "quelle": "vlflugzeuge.de/Dateien/Platzrunden.txt"}, "geometry": {"type": "Polygon", "coordinates": [[[10.029722, 51.709444], [10.019167, 51.7125], [10.035, 51.735], [10.089444, 51.72], [10.073056, 51.6975], [10.048889, 51.704167], [10.029722, 51.709444]]]}}, {"type": "Feature", "properties": {"name": "Obermehler Schlotheim", "icao": "EDCO", "typ": "platzrunde", "bahn": "0 ft", "hoehe_ft": null, "hoehe_bezug": "unbekannt", "hoehe_label": "keine Angabe (Annahme 1000 ft)", "hoehe_geschaetzt": true, "info": null, "quelle": "vlflugzeuge.de/Dateien/Platzrunden.txt"}, "geometry": {"type": "Polygon", "coordinates": [[[10.609722, 51.275556], [10.616389, 51.286389], [10.679167, 51.271944], [10.672222, 51.259167], [10.656667, 51.2625], [10.609722, 51.275556]]]}}, {"type": "Feature", "properties": {"name": "Oberrissdorf", "icao": "EDUO", "typ": "platzrunde", "bahn": "0 ft", "hoehe_ft": null, "hoehe_bezug": "unbekannt", "hoehe_label": "keine Angabe (Annahme 1000 ft)", "hoehe_geschaetzt": true, "info": null, "quelle": "vlflugzeuge.de/Dateien/Platzrunden.txt"}, "geometry": {"type": "Polygon", "coordinates": [[[11.618889, 51.528889], [11.638611, 51.540833], [11.590278, 51.566944], [11.575556, 51.557778], [11.618889, 51.528889]]]}}, {"type": "Feature", "properties": {"name": "Oberschleissheim", "icao": "EDNX", "typ": "platzrunde", "bahn": "0 ft", "hoehe_ft": null, "hoehe_bezug": "unbekannt", "hoehe_label": "keine Angabe (Annahme 1000 ft)", "hoehe_geschaetzt": true, "info": null, "quelle": "vlflugzeuge.de/Dateien/Platzrunden.txt"}, "geometry": {"type": "Polygon", "coordinates": [[[11.597222, 48.245556], [11.602778, 48.251944], [11.596944, 48.296389], [11.576667, 48.295278], [11.559722, 48.288333], [11.539444, 48.286111], [11.5, 48.259444], [11.498889, 48.241944], [11.504722, 48.235556], [11.516111, 48.233889], [11.531389, 48.234722], [11.597222, 48.245556]]]}}, {"type": "Feature", "properties": {"name": "Ochsenfurt", "icao": "EDGJ", "typ": "platzrunde", "bahn": "0 ft", "hoehe_ft": null, "hoehe_bezug": "unbekannt", "hoehe_label": "keine Angabe (Annahme 1000 ft)", "hoehe_geschaetzt": true, "info": null, "quelle": "vlflugzeuge.de/Dateien/Platzrunden.txt"}, "geometry": {"type": "Polygon", "coordinates": [[[10.055278, 49.6775], [10.057222, 49.683889], [10.091389, 49.680278], [10.089444, 49.673333], [10.055278, 49.6775]]]}}, {"type": "Feature", "properties": {"name": "Oehna", "icao": "EDBO", "typ": "platzrunde", "bahn": "0 ft", "hoehe_ft": null, "hoehe_bezug": "unbekannt", "hoehe_label": "keine Angabe (Annahme 1000 ft)", "hoehe_geschaetzt": true, "info": null, "quelle": "vlflugzeuge.de/Dateien/Platzrunden.txt"}, "geometry": {"type": "Polygon", "coordinates": [[[13.025278, 51.895278], [13.029444, 51.880833], [13.091111, 51.888333], [13.086389, 51.902222], [13.025278, 51.895278]]]}}, {"type": "Feature", "properties": {"name": "Oerlinghausen", "icao": "EDLO", "typ": "platzrunde", "bahn": "0 ft", "hoehe_ft": null, "hoehe_bezug": "unbekannt", "hoehe_label": "keine Angabe (Annahme 1000 ft)", "hoehe_geschaetzt": true, "info": null, "quelle": "vlflugzeuge.de/Dateien/Platzrunden.txt"}, "geometry": {"type": "Polygon", "coordinates": [[[8.6725, 51.939722], [8.675278, 51.941944], [8.675, 51.943611], [8.673889, 51.945], [8.640556, 51.961111], [8.638056, 51.961667], [8.635556, 51.961111], [8.603056, 51.934167], [8.602222, 51.932222], [8.603611, 51.930556], [8.637778, 51.913889], [8.640278, 51.913611], [8.6425, 51.914444], [8.648333, 51.919167], [8.6725, 51.939722]]]}}, {"type": "Feature", "properties": {"name": "Offenburg", "icao": "EDTO", "typ": "platzrunde", "bahn": "0 ft", "hoehe_ft": null, "hoehe_bezug": "unbekannt", "hoehe_label": "keine Angabe (Annahme 1000 ft)", "hoehe_geschaetzt": true, "info": null, "quelle": "vlflugzeuge.de/Dateien/Platzrunden.txt"}, "geometry": {"type": "Polygon", "coordinates": [[[7.918611, 48.431944], [7.948611, 48.427778], [7.963333, 48.454722], [7.935556, 48.461389], [7.918611, 48.431944]]]}}, {"type": "Feature", "properties": {"name": "Oldenburg-Hattern", "icao": "EDWH", "typ": "platzrunde", "bahn": "06/24", "hoehe_ft": 1000, "hoehe_bezug": "MSL", "hoehe_label": "1000 ft MSL", "hoehe_geschaetzt": false, "info": "GRS 596mtr", "quelle": "vlflugzeuge.de/Dateien/Platzrunden.txt"}, "geometry": {"type": "Polygon", "coordinates": [[[8.301667, 53.065], [8.285278, 53.059722], [8.271389, 53.075], [8.328611, 53.094167], [8.3425, 53.078889], [8.3225, 53.072222], [8.301667, 53.065]]]}}, {"type": "Feature", "properties": {"name": "Oppenheim", "icao": "EDGP", "typ": "platzrunde", "bahn": "02/20", "hoehe_ft": 1300, "hoehe_bezug": "MSL?", "hoehe_label": "1300 ft", "hoehe_geschaetzt": false, "info": "800 m, UL", "quelle": "vlflugzeuge.de/Dateien/Platzrunden.txt"}, "geometry": {"type": "Polygon", "coordinates": [[[8.373056, 49.833889], [8.370278, 49.827778], [8.381389, 49.825278], [8.395, 49.850556], [8.383611, 49.853056], [8.380278, 49.846667], [8.373056, 49.833889]]]}}, {"type": "Feature", "properties": {"name": "Oschatz", "icao": "EDOQ", "typ": "platzrunde", "bahn": "0 ft", "hoehe_ft": null, "hoehe_bezug": "unbekannt", "hoehe_label": "keine Angabe (Annahme 1000 ft)", "hoehe_geschaetzt": true, "info": null, "quelle": "vlflugzeuge.de/Dateien/Platzrunden.txt"}, "geometry": {"type": "Polygon", "coordinates": [[[13.064444, 51.295278], [13.046944, 51.295833], [13.041944, 51.308611], [13.089444, 51.315], [13.094167, 51.301389], [13.064444, 51.295278]]]}}, {"type": "Feature", "properties": {"name": "Oschersleben", "icao": "EDOL", "typ": "platzrunde", "bahn": "0 ft", "hoehe_ft": null, "hoehe_bezug": "unbekannt", "hoehe_label": "keine Angabe (Annahme 1000 ft)", "hoehe_geschaetzt": true, "info": null, "quelle": "vlflugzeuge.de/Dateien/Platzrunden.txt"}, "geometry": {"type": "Polygon", "coordinates": [[[11.184444, 52.044167], [11.176389, 52.030556], [11.211944, 52.0225], [11.2225, 52.035556], [11.184444, 52.044167]]]}}, {"type": "Feature", "properties": {"name": "Osnabrueck-Atterheide", "icao": "EDWO", "typ": "platzrunde", "bahn": "09/27", "hoehe_ft": 1000, "hoehe_bezug": "MSL", "hoehe_label": "1000 ft MSL", "hoehe_geschaetzt": false, "info": "ASP 800mtr", "quelle": "vlflugzeuge.de/Dateien/Platzrunden.txt"}, "geometry": {"type": "Polygon", "coordinates": [[[7.959722, 52.286389], [7.939722, 52.286667], [7.939167, 52.27], [7.990556, 52.269722], [7.990833, 52.286111], [7.979167, 52.286389], [7.959722, 52.286389]]]}}, {"type": "Feature", "properties": {"name": "Ottengruener Heide", "icao": "EDQO", "typ": "platzrunde", "bahn": "0 ft", "hoehe_ft": null, "hoehe_bezug": "unbekannt", "hoehe_label": "keine Angabe (Annahme 1000 ft)", "hoehe_geschaetzt": true, "info": null, "quelle": "vlflugzeuge.de/Dateien/Platzrunden.txt"}, "geometry": {"type": "Polygon", "coordinates": [[[11.707778, 50.2275], [11.705556, 50.214722], [11.744167, 50.208333], [11.749722, 50.221111], [11.707778, 50.2275]]]}}, {"type": "Feature", "properties": {"name": "Paderborn-Haxterberg", "icao": "EDLR", "typ": "platzrunde", "bahn": "0 ft", "hoehe_ft": null, "hoehe_bezug": "unbekannt", "hoehe_label": "keine Angabe (Annahme 1000 ft)", "hoehe_geschaetzt": true, "info": null, "quelle": "vlflugzeuge.de/Dateien/Platzrunden.txt"}, "geometry": {"type": "Polygon", "coordinates": [[[8.756111, 51.6825], [8.746111, 51.678889], [8.745, 51.675833], [8.763333, 51.654722], [8.767778, 51.654167], [8.828611, 51.674444], [8.829444, 51.6775], [8.811389, 51.698611], [8.806944, 51.699444], [8.795556, 51.695833], [8.756111, 51.6825]]]}}, {"type": "Feature", "properties": {"name": "Pasewalk Franzfelde", "icao": "EDCV", "typ": "platzrunde", "bahn": "0 ft", "hoehe_ft": null, "hoehe_bezug": "unbekannt", "hoehe_label": "keine Angabe (Annahme 1000 ft)", "hoehe_geschaetzt": true, "info": null, "quelle": "vlflugzeuge.de/Dateien/Platzrunden.txt"}, "geometry": {"type": "Polygon", "coordinates": [[[13.916389, 53.504167], [13.916111, 53.490833], [13.977778, 53.49], [13.978056, 53.503333], [13.916389, 53.504167]]]}}, {"type": "Feature", "properties": {"name": "Peenemuende", "icao": "EDCP", "typ": "platzrunde", "bahn": "13/31", "hoehe_ft": 800, "hoehe_bezug": "MSL", "hoehe_label": "800 ft MSL", "hoehe_geschaetzt": false, "info": "CON 2400mtr, UL", "quelle": "vlflugzeuge.de/Dateien/Platzrunden.txt"}, "geometry": {"type": "Polygon", "coordinates": [[[13.753056, 54.17], [13.741389, 54.176667], [13.716944, 54.162778], [13.778611, 54.125278], [13.803056, 54.139444], [13.790833, 54.147222], [13.753056, 54.17]]]}}, {"type": "Feature", "properties": {"name": "Pegnitz Zipser Berg", "icao": "EDQZ", "typ": "platzrunde", "bahn": "0 ft", "hoehe_ft": null, "hoehe_bezug": "unbekannt", "hoehe_label": "keine Angabe (Annahme 1000 ft)", "hoehe_geschaetzt": true, "info": null, "quelle": "vlflugzeuge.de/Dateien/Platzrunden.txt"}, "geometry": {"type": "Polygon", "coordinates": [[[11.549444, 49.761944], [11.5425, 49.774444], [11.593889, 49.776667], [11.595278, 49.765], [11.549444, 49.761944]]]}}, {"type": "Feature", "properties": {"name": "Peine-Eddesse", "icao": "EDVP", "typ": "platzrunde", "bahn": "0 ft", "hoehe_ft": null, "hoehe_bezug": "unbekannt", "hoehe_label": "keine Angabe (Annahme 1000 ft)", "hoehe_geschaetzt": true, "info": null, "quelle": "vlflugzeuge.de/Dateien/Platzrunden.txt"}, "geometry": {"type": "Polygon", "coordinates": [[[10.173333, 52.391944], [10.161389, 52.415833], [10.256389, 52.433889], [10.268333, 52.410278], [10.173333, 52.391944]]]}}, {"type": "Feature", "properties": {"name": "Pennewitz", "icao": "EDOS", "typ": "platzrunde", "bahn": "0 ft", "hoehe_ft": null, "hoehe_bezug": "unbekannt", "hoehe_label": "keine Angabe (Annahme 1000 ft)", "hoehe_geschaetzt": true, "info": null, "quelle": "vlflugzeuge.de/Dateien/Platzrunden.txt"}, "geometry": {"type": "Polygon", "coordinates": [[[11.073611, 50.680556], [11.061389, 50.693056], [11.014444, 50.674167], [11.023333, 50.665556], [11.035, 50.663333], [11.073611, 50.680556]]]}}, {"type": "Feature", "properties": {"name": "Pfarrkirchen", "icao": "EDNP", "typ": "platzrunde", "bahn": "0 ft", "hoehe_ft": null, "hoehe_bezug": "unbekannt", "hoehe_label": "keine Angabe (Annahme 1000 ft)", "hoehe_geschaetzt": true, "info": null, "quelle": "vlflugzeuge.de/Dateien/Platzrunden.txt"}, "geometry": {"type": "Polygon", "coordinates": [[[12.836667, 48.414722], [12.828611, 48.427778], [12.883333, 48.441389], [12.890833, 48.428889], [12.836667, 48.414722]]]}}, {"type": "Feature", "properties": {"name": "Pfullendorf", "icao": "EDTP", "typ": "platzrunde", "bahn": "0 ft", "hoehe_ft": null, "hoehe_bezug": "unbekannt", "hoehe_label": "keine Angabe (Annahme 1000 ft)", "hoehe_geschaetzt": true, "info": null, "quelle": "vlflugzeuge.de/Dateien/Platzrunden.txt"}, "geometry": {"type": "Polygon", "coordinates": [[[9.246667, 47.899444], [9.251944, 47.885556], [9.270556, 47.882222], [9.286944, 47.920278], [9.274722, 47.922222], [9.256389, 47.918056], [9.246667, 47.899444]]]}}, {"type": "Feature", "properties": {"name": "Pinnow", "icao": "EDBP", "typ": "platzrunde", "bahn": "0 ft", "hoehe_ft": null, "hoehe_bezug": "unbekannt", "hoehe_label": "keine Angabe (Annahme 1000 ft)", "hoehe_geschaetzt": true, "info": null, "quelle": "vlflugzeuge.de/Dateien/Platzrunden.txt"}, "geometry": {"type": "Polygon", "coordinates": [[[11.529722, 53.624444], [11.544444, 53.643056], [11.606667, 53.625833], [11.591944, 53.606944], [11.529722, 53.624444]]]}}, {"type": "Feature", "properties": {"name": "Pirmasens", "icao": "EDRP", "typ": "platzrunde", "bahn": "05/23", "hoehe_ft": 2200, "hoehe_bezug": "MSL", "hoehe_label": "2200 ft MSL", "hoehe_geschaetzt": false, "info": "ASP 800mtr", "quelle": "vlflugzeuge.de/Dateien/Platzrunden.txt"}, "geometry": {"type": "Polygon", "coordinates": [[[7.496389, 49.268056], [7.502778, 49.272222], [7.536944, 49.282778], [7.557222, 49.268333], [7.489167, 49.225556], [7.468889, 49.239167], [7.468889, 49.250556], [7.483056, 49.259444], [7.496389, 49.268056]]]}}, {"type": "Feature", "properties": {"name": "Pirna Pratzschwitz", "icao": "EDAR", "typ": "platzrunde", "bahn": "12/30", "hoehe_ft": 1200, "hoehe_bezug": "MSL", "hoehe_label": "1200 ft MSL", "hoehe_geschaetzt": false, "info": "GRS 750mtr", "quelle": "vlflugzeuge.de/Dateien/Platzrunden.txt"}, "geometry": {"type": "Polygon", "coordinates": [[[13.9, 50.982222], [13.885, 50.987222], [13.893611, 50.997778], [13.935278, 50.983889], [13.926667, 50.973611], [13.916944, 50.976667], [13.9, 50.982222]]]}}, {"type": "Feature", "properties": {"name": "Porta-Westfalica", "icao": "EDVY", "typ": "platzrunde", "bahn": "0 ft", "hoehe_ft": null, "hoehe_bezug": "unbekannt", "hoehe_label": "keine Angabe (Annahme 1000 ft)", "hoehe_geschaetzt": true, "info": null, "quelle": "vlflugzeuge.de/Dateien/Platzrunden.txt"}, "geometry": {"type": "Polygon", "coordinates": [[[8.873611, 52.227222], [8.884722, 52.232222], [8.886111, 52.2325], [8.887778, 52.2325], [8.888889, 52.231944], [8.908333, 52.215278], [8.908333, 52.214444], [8.908333, 52.213611], [8.906944, 52.2125], [8.866667, 52.195], [8.865278, 52.194444], [8.863611, 52.194444], [8.862222, 52.194722], [8.842778, 52.211389], [8.8425, 52.2125], [8.843611, 52.213889], [8.848056, 52.215833], [8.873611, 52.227222]]]}}, {"type": "Feature", "properties": {"name": "Pritzwalk", "icao": "EDBU", "typ": "platzrunde", "bahn": "0 ft", "hoehe_ft": null, "hoehe_bezug": "unbekannt", "hoehe_label": "keine Angabe (Annahme 1000 ft)", "hoehe_geschaetzt": true, "info": null, "quelle": "vlflugzeuge.de/Dateien/Platzrunden.txt"}, "geometry": {"type": "Polygon", "coordinates": [[[12.145556, 53.175], [12.15, 53.160833], [12.219722, 53.168611], [12.215556, 53.183056], [12.145556, 53.175]]]}}, {"type": "Feature", "properties": {"name": "Purkshof", "icao": "EDCX", "typ": "platzrunde", "bahn": "0 ft", "hoehe_ft": null, "hoehe_bezug": "unbekannt", "hoehe_label": "keine Angabe (Annahme 1000 ft)", "hoehe_geschaetzt": true, "info": null, "quelle": "vlflugzeuge.de/Dateien/Platzrunden.txt"}, "geometry": {"type": "Polygon", "coordinates": [[[12.229722, 54.150556], [12.243056, 54.142778], [12.280556, 54.165278], [12.267222, 54.173333], [12.229722, 54.150556]]]}}, {"type": "Feature", "properties": {"name": "Regensburg Oberhub", "icao": "EDNR", "typ": "platzrunde", "bahn": "0 ft", "hoehe_ft": null, "hoehe_bezug": "unbekannt", "hoehe_label": "keine Angabe (Annahme 1000 ft)", "hoehe_geschaetzt": true, "info": null, "quelle": "vlflugzeuge.de/Dateien/Platzrunden.txt"}, "geometry": {"type": "Polygon", "coordinates": [[[12.098333, 49.140556], [12.116389, 49.138889], [12.118611, 49.149444], [12.051389, 49.155833], [12.049167, 49.145278], [12.0675, 49.143333], [12.098333, 49.140556]]]}}, {"type": "Feature", "properties": {"name": "Reichelsheim", "icao": "EDFB", "typ": "platzrunde", "bahn": "18/36", "hoehe_ft": 1200, "hoehe_bezug": "MSL", "hoehe_label": "1200 ft MSL", "hoehe_geschaetzt": false, "info": "ASP 1230mtr", "quelle": "vlflugzeuge.de/Dateien/Platzrunden.txt"}, "geometry": {"type": "Polygon", "coordinates": [[[8.879444, 50.33], [8.880278, 50.316944], [8.906944, 50.318056], [8.903333, 50.36], [8.876667, 50.359167], [8.877778, 50.346667], [8.879444, 50.33]]]}}, {"type": "Feature", "properties": {"name": "Reinsdorf", "icao": "EDOD", "typ": "platzrunde", "bahn": "0 ft", "hoehe_ft": null, "hoehe_bezug": "unbekannt", "hoehe_label": "keine Angabe (Annahme 1000 ft)", "hoehe_geschaetzt": true, "info": null, "quelle": "vlflugzeuge.de/Dateien/Platzrunden.txt"}, "geometry": {"type": "Polygon", "coordinates": [[[13.164722, 51.902778], [13.161111, 51.889444], [13.220833, 51.883056], [13.224444, 51.895833], [13.164722, 51.902778]]]}}, {"type": "Feature", "properties": {"name": "Rendsburg-Schachtholm 03/21", "icao": "EDXR", "typ": "platzrunde", "bahn": "03/21", "hoehe_ft": 650, "hoehe_bezug": "MSL", "hoehe_label": "650 ft MSL", "hoehe_geschaetzt": false, "info": "ASP 960mtr", "quelle": "vlflugzeuge.de/Dateien/Platzrunden.txt"}, "geometry": {"type": "Polygon", "coordinates": [[[9.605556, 54.225278], [9.616667, 54.235556], [9.643056, 54.226111], [9.608611, 54.193333], [9.5825, 54.203333], [9.594444, 54.214722], [9.605556, 54.225278]]]}}, {"type": "Feature", "properties": {"name": "Rendsburg-Schachtholm 12/30", "icao": "EDXR", "typ": "platzrunde", "bahn": "12/30", "hoehe_ft": 650, "hoehe_bezug": "MSL", "hoehe_label": "650 ft MSL", "hoehe_geschaetzt": false, "info": "GRS 510mtr", "quelle": "vlflugzeuge.de/Dateien/Platzrunden.txt"}, "geometry": {"type": "Polygon", "coordinates": [[[9.609722, 54.215278], [9.638333, 54.204722], [9.621944, 54.188611], [9.568611, 54.208333], [9.585278, 54.224167], [9.593611, 54.221111], [9.609722, 54.215278]]]}}, {"type": "Feature", "properties": {"name": "Renneritz", "icao": "EDOX", "typ": "platzrunde", "bahn": "07/25", "hoehe_ft": 1200, "hoehe_bezug": "MSL", "hoehe_label": "1200 ft MSL", "hoehe_geschaetzt": false, "info": "GRS 1000mtr", "quelle": "vlflugzeuge.de/Dateien/Platzrunden.txt"}, "geometry": {"type": "Polygon", "coordinates": [[[12.225833, 51.591944], [12.214444, 51.589444], [12.202222, 51.610556], [12.246389, 51.620556], [12.258889, 51.599167], [12.247222, 51.596667], [12.225833, 51.591944]]]}}, {"type": "Feature", "properties": {"name": "Rerik-Zweedorf", "icao": "EDCR", "typ": "platzrunde", "bahn": "0 ft", "hoehe_ft": null, "hoehe_bezug": "unbekannt", "hoehe_label": "keine Angabe (Annahme 1000 ft)", "hoehe_geschaetzt": true, "info": null, "quelle": "vlflugzeuge.de/Dateien/Platzrunden.txt"}, "geometry": {"type": "Polygon", "coordinates": [[[11.630556, 54.079722], [11.625833, 54.094722], [11.678889, 54.100556], [11.683611, 54.085556], [11.630556, 54.079722]]]}}, {"type": "Feature", "properties": {"name": "Rheine-Eschendorf", "icao": "EDXE", "typ": "platzrunde", "bahn": "0 ft", "hoehe_ft": null, "hoehe_bezug": "unbekannt", "hoehe_label": "keine Angabe (Annahme 1000 ft)", "hoehe_geschaetzt": true, "info": null, "quelle": "vlflugzeuge.de/Dateien/Platzrunden.txt"}, "geometry": {"type": "Polygon", "coordinates": [[[7.475833, 52.279722], [7.466389, 52.281389], [7.464167, 52.281389], [7.461667, 52.280278], [7.4575, 52.270556], [7.458611, 52.268889], [7.46, 52.268056], [7.508889, 52.259722], [7.511389, 52.259722], [7.513611, 52.260833], [7.5175, 52.269444], [7.517778, 52.271111], [7.516111, 52.2725], [7.51, 52.273611], [7.475833, 52.279722]]]}}, {"type": "Feature", "properties": {"name": "Riesa Goehlis", "icao": "EDAU", "typ": "platzrunde", "bahn": "0 ft", "hoehe_ft": null, "hoehe_bezug": "unbekannt", "hoehe_label": "keine Angabe (Annahme 1000 ft)", "hoehe_geschaetzt": true, "info": null, "quelle": "vlflugzeuge.de/Dateien/Platzrunden.txt"}, "geometry": {"type": "Polygon", "coordinates": [[[13.380833, 51.281389], [13.367778, 51.267778], [13.316111, 51.2875], [13.329722, 51.301389], [13.380833, 51.281389]]]}}, {"type": "Feature", "properties": {"name": "Rinteln", "icao": "EDVR", "typ": "platzrunde", "bahn": "0 ft", "hoehe_ft": null, "hoehe_bezug": "unbekannt", "hoehe_label": "keine Angabe (Annahme 1000 ft)", "hoehe_geschaetzt": true, "info": null, "quelle": "vlflugzeuge.de/Dateien/Platzrunden.txt"}, "geometry": {"type": "Polygon", "coordinates": [[[9.068056, 52.171389], [9.073611, 52.17], [9.074444, 52.169444], [9.074722, 52.168889], [9.075, 52.167778], [9.063333, 52.15], [9.0625, 52.149167], [9.061111, 52.148889], [9.059722, 52.148889], [9.016111, 52.159444], [9.015278, 52.160278], [9.015, 52.160833], [9.015, 52.161667], [9.026389, 52.179444], [9.0275, 52.180556], [9.028889, 52.180833], [9.030556, 52.180833], [9.037222, 52.179167], [9.068056, 52.171389]]]}}, {"type": "Feature", "properties": {"name": "Roitzschjora", "icao": "EDAW", "typ": "platzrunde", "bahn": "0 ft", "hoehe_ft": null, "hoehe_bezug": "unbekannt", "hoehe_label": "keine Angabe (Annahme 1000 ft)", "hoehe_geschaetzt": true, "info": null, "quelle": "vlflugzeuge.de/Dateien/Platzrunden.txt"}, "geometry": {"type": "Polygon", "coordinates": [[[12.450833, 51.579722], [12.449167, 51.570556], [12.53, 51.563611], [12.531667, 51.572778], [12.450833, 51.579722]]]}}, {"type": "Feature", "properties": {"name": "Rosenthal Field Ploessen", "icao": "EDQP", "typ": "platzrunde", "bahn": "0 ft", "hoehe_ft": null, "hoehe_bezug": "unbekannt", "hoehe_label": "keine Angabe (Annahme 1000 ft)", "hoehe_geschaetzt": true, "info": null, "quelle": "vlflugzeuge.de/Dateien/Platzrunden.txt"}, "geometry": {"type": "Polygon", "coordinates": [[[11.771111, 49.863889], [11.760278, 49.863889], [11.758889, 49.846389], [11.813611, 49.844167], [11.815556, 49.861667], [11.803056, 49.8625], [11.771111, 49.863889]]]}}, {"type": "Feature", "properties": {"name": "Rotenburg-Wümme", "icao": "EDXQ", "typ": "platzrunde", "bahn": "0 ft", "hoehe_ft": null, "hoehe_bezug": "unbekannt", "hoehe_label": "keine Angabe (Annahme 1000 ft)", "hoehe_geschaetzt": true, "info": null, "quelle": "vlflugzeuge.de/Dateien/Platzrunden.txt"}, "geometry": {"type": "Polygon", "coordinates": [[[9.338333, 53.126667], [9.331111, 53.125833], [9.328056, 53.128056], [9.334167, 53.141389], [9.376111, 53.146389], [9.381111, 53.131944], [9.363889, 53.129444], [9.338333, 53.126667]]]}}, {"type": "Feature", "properties": {"name": "Rothenburg Goerlitz", "icao": "EDBR", "typ": "platzrunde", "bahn": "18/36", "hoehe_ft": 1300, "hoehe_bezug": "MSL", "hoehe_label": "1300 ft MSL", "hoehe_geschaetzt": false, "info": "ASP 2500mtr GRS 1220mtr", "quelle": "vlflugzeuge.de/Dateien/Platzrunden.txt"}, "geometry": {"type": "Polygon", "coordinates": [[[14.951389, 51.348889], [14.951944, 51.330278], [14.912778, 51.33], [14.910556, 51.394444], [14.95, 51.394722], [14.950278, 51.3775], [14.951389, 51.348889]]]}}, {"type": "Feature", "properties": {"name": "Rothenburg odT", "icao": "EDFR", "typ": "platzrunde", "bahn": "0 ft", "hoehe_ft": null, "hoehe_bezug": "unbekannt", "hoehe_label": "keine Angabe (Annahme 1000 ft)", "hoehe_geschaetzt": true, "info": null, "quelle": "vlflugzeuge.de/Dateien/Platzrunden.txt"}, "geometry": {"type": "Polygon", "coordinates": [[[10.210833, 49.379722], [10.211667, 49.359444], [10.226389, 49.354722], [10.267222, 49.405278], [10.238889, 49.415278], [10.225556, 49.398611], [10.210833, 49.379722]]]}}, {"type": "Feature", "properties": {"name": "Rottweil Zepfenhan", "icao": "EDSZ", "typ": "platzrunde", "bahn": "0 ft", "hoehe_ft": null, "hoehe_bezug": "unbekannt", "hoehe_label": "keine Angabe (Annahme 1000 ft)", "hoehe_geschaetzt": true, "info": null, "quelle": "vlflugzeuge.de/Dateien/Platzrunden.txt"}, "geometry": {"type": "Polygon", "coordinates": [[[8.679167, 48.184444], [8.675556, 48.199167], [8.750556, 48.206944], [8.753889, 48.192222], [8.679167, 48.184444]]]}}, {"type": "Feature", "properties": {"name": "Rudolstadt Groschwitz", "icao": "EDOK", "typ": "platzrunde", "bahn": "0 ft", "hoehe_ft": null, "hoehe_bezug": "unbekannt", "hoehe_label": "keine Angabe (Annahme 1000 ft)", "hoehe_geschaetzt": true, "info": null, "quelle": "vlflugzeuge.de/Dateien/Platzrunden.txt"}, "geometry": {"type": "Polygon", "coordinates": [[[11.273333, 50.741389], [11.283056, 50.728056], [11.218333, 50.714444], [11.211944, 50.723611], [11.273333, 50.741389]]]}}, {"type": "Feature", "properties": {"name": "Ruegen", "icao": "EDCG", "typ": "platzrunde", "bahn": "09/27", "hoehe_ft": 900, "hoehe_bezug": "MSL", "hoehe_label": "900 ft MSL", "hoehe_geschaetzt": false, "info": "ASP 900mtr", "quelle": "vlflugzeuge.de/Dateien/Platzrunden.txt"}, "geometry": {"type": "Polygon", "coordinates": [[[13.337778, 54.384444], [13.357222, 54.384722], [13.3575, 54.371944], [13.296111, 54.370278], [13.295278, 54.383333], [13.312778, 54.383611], [13.337778, 54.384444]]]}}, {"type": "Feature", "properties": {"name": "Ruppiner Land-Fehrbellin", "icao": "EDBF", "typ": "platzrunde", "bahn": "11/29", "hoehe_ft": 1000, "hoehe_bezug": "MSL?", "hoehe_label": "1000 ft", "hoehe_geschaetzt": false, "info": "778 m, UL", "quelle": "vlflugzeuge.de/Dateien/Platzrunden.txt"}, "geometry": {"type": "Polygon", "coordinates": [[[12.730556, 52.798333], [12.724167, 52.785], [12.783333, 52.774722], [12.789722, 52.788333], [12.730556, 52.798333]]]}}, {"type": "Feature", "properties": {"name": "Saarlouis Dueren", "icao": "EDRJ", "typ": "platzrunde", "bahn": "0 ft", "hoehe_ft": null, "hoehe_bezug": "unbekannt", "hoehe_label": "keine Angabe (Annahme 1000 ft)", "hoehe_geschaetzt": true, "info": null, "quelle": "vlflugzeuge.de/Dateien/Platzrunden.txt"}, "geometry": {"type": "Polygon", "coordinates": [[[6.656944, 49.309444], [6.636389, 49.308611], [6.644444, 49.291667], [6.704444, 49.302778], [6.698611, 49.316111], [6.689722, 49.315556], [6.656944, 49.309444]]]}}, {"type": "Feature", "properties": {"name": "Saarmund", "icao": "EDCS", "typ": "platzrunde", "bahn": "0 ft", "hoehe_ft": null, "hoehe_bezug": "unbekannt", "hoehe_label": "keine Angabe (Annahme 1000 ft)", "hoehe_geschaetzt": true, "info": null, "quelle": "vlflugzeuge.de/Dateien/Platzrunden.txt"}, "geometry": {"type": "Polygon", "coordinates": [[[13.074167, 52.308611], [13.072222, 52.296667], [13.118889, 52.293611], [13.120556, 52.305833], [13.074167, 52.308611]]]}}, {"type": "Feature", "properties": {"name": "Salzgitter-Druette", "icao": "EDVS", "typ": "platzrunde", "bahn": "07/25", "hoehe_ft": 1300, "hoehe_bezug": "MSL", "hoehe_label": "1300 ft MSL", "hoehe_geschaetzt": false, "info": "ASP 636mtr", "quelle": "vlflugzeuge.de/Dateien/Platzrunden.txt"}, "geometry": {"type": "Polygon", "coordinates": [[[10.409167, 52.15], [10.365833, 52.139444], [10.358333, 52.14], [10.3525, 52.146111], [10.368889, 52.175], [10.408889, 52.194444], [10.434444, 52.195], [10.456667, 52.161667], [10.409167, 52.15]]]}}, {"type": "Feature", "properties": {"name": "Salzgitter-Schaeferstuhl", "icao": "EDVJ", "typ": "platzrunde", "bahn": "0 ft", "hoehe_ft": null, "hoehe_bezug": "unbekannt", "hoehe_label": "keine Angabe (Annahme 1000 ft)", "hoehe_geschaetzt": true, "info": null, "quelle": "vlflugzeuge.de/Dateien/Platzrunden.txt"}, "geometry": {"type": "Polygon", "coordinates": [[[10.349167, 52.033333], [10.333889, 52.036944], [10.328889, 52.029722], [10.365556, 52.021667], [10.349167, 52.033333]]]}}, {"type": "Feature", "properties": {"name": "Saulgau", "icao": "EDTU", "typ": "platzrunde", "bahn": "0 ft", "hoehe_ft": null, "hoehe_bezug": "unbekannt", "hoehe_label": "keine Angabe (Annahme 1000 ft)", "hoehe_geschaetzt": true, "info": null, "quelle": "vlflugzeuge.de/Dateien/Platzrunden.txt"}, "geometry": {"type": "Polygon", "coordinates": [[[9.498056, 48.034167], [9.480278, 48.042778], [9.489722, 48.051389], [9.533611, 48.03], [9.525833, 48.0225], [9.498056, 48.034167]]]}}, {"type": "Feature", "properties": {"name": "Schleswig-Kropp", "icao": "EDXC", "typ": "platzrunde", "bahn": "0 ft", "hoehe_ft": null, "hoehe_bezug": "unbekannt", "hoehe_label": "keine Angabe (Annahme 1000 ft)", "hoehe_geschaetzt": true, "info": null, "quelle": "vlflugzeuge.de/Dateien/Platzrunden.txt"}, "geometry": {"type": "Polygon", "coordinates": [[[9.581111, 54.426667], [9.578611, 54.446111], [9.493056, 54.442778], [9.495278, 54.423333], [9.581111, 54.426667]]]}}, {"type": "Feature", "properties": {"name": "Schmallenberg-Rennefeld", "icao": "EDKR", "typ": "platzrunde", "bahn": "09/27", "hoehe_ft": 2400, "hoehe_bezug": "MSL", "hoehe_label": "2400 ft MSL", "hoehe_geschaetzt": false, "info": "GRS 870mtr, UL(PPR)", "quelle": "vlflugzeuge.de/Dateien/Platzrunden.txt"}, "geometry": {"type": "Polygon", "coordinates": [[[8.245833, 51.1625], [8.234167, 51.163333], [8.236111, 51.178333], [8.2925, 51.175278], [8.291111, 51.166389], [8.282778, 51.160833], [8.276944, 51.160833], [8.245833, 51.1625]]]}}, {"type": "Feature", "properties": {"name": "Schmidgaden Opf", "icao": "EDPQ", "typ": "platzrunde", "bahn": "0 ft", "hoehe_ft": null, "hoehe_bezug": "unbekannt", "hoehe_label": "keine Angabe (Annahme 1000 ft)", "hoehe_geschaetzt": true, "info": null, "quelle": "vlflugzeuge.de/Dateien/Platzrunden.txt"}, "geometry": {"type": "Polygon", "coordinates": [[[12.129722, 49.42], [12.138611, 49.430833], [12.084444, 49.446944], [12.077222, 49.439167], [12.129722, 49.42]]]}}, {"type": "Feature", "properties": {"name": "Schmoldow", "icao": "EDBY", "typ": "platzrunde", "bahn": "0 ft", "hoehe_ft": null, "hoehe_bezug": "unbekannt", "hoehe_label": "keine Angabe (Annahme 1000 ft)", "hoehe_geschaetzt": true, "info": null, "quelle": "vlflugzeuge.de/Dateien/Platzrunden.txt"}, "geometry": {"type": "Polygon", "coordinates": [[[13.356667, 53.957222], [13.339167, 53.950833], [13.313056, 53.9775], [13.330556, 53.983611], [13.356667, 53.957222]]]}}, {"type": "Feature", "properties": {"name": "Schoenberg", "icao": "EDPK", "typ": "platzrunde", "bahn": "0 ft", "hoehe_ft": null, "hoehe_bezug": "unbekannt", "hoehe_label": "keine Angabe (Annahme 1000 ft)", "hoehe_geschaetzt": true, "info": null, "quelle": "vlflugzeuge.de/Dateien/Platzrunden.txt"}, "geometry": {"type": "Polygon", "coordinates": [[[12.523889, 48.050556], [12.520833, 48.063056], [12.474722, 48.058611], [12.478056, 48.045833], [12.523889, 48.050556]]]}}, {"type": "Feature", "properties": {"name": "Schoenebeck Zackmuender", "icao": "EDOZ", "typ": "platzrunde", "bahn": "0 ft", "hoehe_ft": null, "hoehe_bezug": "unbekannt", "hoehe_label": "keine Angabe (Annahme 1000 ft)", "hoehe_geschaetzt": true, "info": null, "quelle": "vlflugzeuge.de/Dateien/Platzrunden.txt"}, "geometry": {"type": "Polygon", "coordinates": [[[11.815833, 52.000833], [11.820556, 51.993611], [11.769167, 51.982222], [11.765, 51.989167], [11.815833, 52.000833]]]}}, {"type": "Feature", "properties": {"name": "Schoenhagen Nord", "icao": "EDAZ", "typ": "platzrunde", "bahn": "07/25 12/30", "hoehe_ft": 1000, "hoehe_bezug": "MSL", "hoehe_label": "1000 ft MSL", "hoehe_geschaetzt": false, "info": "ASP 1270mtr GRS 625mtr", "quelle": "vlflugzeuge.de/Dateien/Platzrunden.txt"}, "geometry": {"type": "Polygon", "coordinates": [[[13.174444, 52.202222], [13.189444, 52.196944], [13.174444, 52.180556], [13.165556, 52.178056], [13.108333, 52.198056], [13.108889, 52.202778], [13.138889, 52.214444], [13.148889, 52.211111], [13.174444, 52.202222]]]}}, {"type": "Feature", "properties": {"name": "Schoenhagen Sued", "icao": "EDAZ", "typ": "platzrunde", "bahn": "07/25 12/30", "hoehe_ft": 1000, "hoehe_bezug": "MSL", "hoehe_label": "1000 ft MSL", "hoehe_geschaetzt": false, "info": "ASP 1270mtr GRS 625mtr", "quelle": "vlflugzeuge.de/Dateien/Platzrunden.txt"}, "geometry": {"type": "Polygon", "coordinates": [[[13.176667, 52.206389], [13.186667, 52.208056], [13.199722, 52.181944], [13.136944, 52.17], [13.123889, 52.196667], [13.134444, 52.198611], [13.176667, 52.206389]]]}}, {"type": "Feature", "properties": {"name": "Schwabach Buechenbach", "icao": "EDPH", "typ": "platzrunde", "bahn": "10/28", "hoehe_ft": 2000, "hoehe_bezug": "MSL", "hoehe_label": "2000 ft MSL", "hoehe_geschaetzt": false, "info": "ASP 310mtr", "quelle": "vlflugzeuge.de/Dateien/Platzrunden.txt"}, "geometry": {"type": "Polygon", "coordinates": [[[11.002778, 49.269722], [10.978611, 49.274167], [10.97, 49.253056], [11.031389, 49.241944], [11.038056, 49.263611], [11.018889, 49.266944], [11.002778, 49.269722]]]}}, {"type": "Feature", "properties": {"name": "Schwabmuenchen", "icao": "EDNS", "typ": "platzrunde", "bahn": "08/26", "hoehe_ft": 2500, "hoehe_bezug": "MSL", "hoehe_label": "2500 ft MSL", "hoehe_geschaetzt": false, "info": "GRS 850mtr", "quelle": "vlflugzeuge.de/Dateien/Platzrunden.txt"}, "geometry": {"type": "Polygon", "coordinates": [[[10.710833, 48.179722], [10.725, 48.180556], [10.726111, 48.171944], [10.720278, 48.167778], [10.683056, 48.165278], [10.681667, 48.174167], [10.689722, 48.178333], [10.696667, 48.178889], [10.710833, 48.179722]]]}}, {"type": "Feature", "properties": {"name": "Schwaebisch Hall", "icao": "EDTY", "typ": "platzrunde", "bahn": "10/28", "hoehe_ft": 2500, "hoehe_bezug": "MSL", "hoehe_label": "2500 ft MSL", "hoehe_geschaetzt": false, "info": "CON 1365mtr GRS 750mtr", "quelle": "vlflugzeuge.de/Dateien/Platzrunden.txt"}, "geometry": {"type": "Polygon", "coordinates": [[[9.772222, 49.119444], [9.759722, 49.120833], [9.763611, 49.136667], [9.824722, 49.130278], [9.821389, 49.114167], [9.797222, 49.116667], [9.772222, 49.119444]]]}}, {"type": "Feature", "properties": {"name": "Schwandorf", "icao": "EDPF", "typ": "platzrunde", "bahn": "0 ft", "hoehe_ft": null, "hoehe_bezug": "unbekannt", "hoehe_label": "keine Angabe (Annahme 1000 ft)", "hoehe_geschaetzt": true, "info": null, "quelle": "vlflugzeuge.de/Dateien/Platzrunden.txt"}, "geometry": {"type": "Polygon", "coordinates": [[[12.218611, 49.334444], [12.230556, 49.351389], [12.162222, 49.373333], [12.149167, 49.356667], [12.218611, 49.334444]]]}}, {"type": "Feature", "properties": {"name": "Schwarzheide Schipkau", "icao": "EDBZ", "typ": "platzrunde", "bahn": "0 ft", "hoehe_ft": null, "hoehe_bezug": "unbekannt", "hoehe_label": "keine Angabe (Annahme 1000 ft)", "hoehe_geschaetzt": true, "info": null, "quelle": "vlflugzeuge.de/Dateien/Platzrunden.txt"}, "geometry": {"type": "Polygon", "coordinates": [[[13.847222, 51.489167], [13.843889, 51.498333], [13.894167, 51.504444], [13.8975, 51.495556], [13.847222, 51.489167]]]}}, {"type": "Feature", "properties": {"name": "Schweighofen", "icao": "EDRO", "typ": "platzrunde", "bahn": "0 ft", "hoehe_ft": null, "hoehe_bezug": "unbekannt", "hoehe_label": "keine Angabe (Annahme 1000 ft)", "hoehe_geschaetzt": true, "info": null, "quelle": "vlflugzeuge.de/Dateien/Platzrunden.txt"}, "geometry": {"type": "Polygon", "coordinates": [[[7.980833, 49.030556], [7.973889, 49.029722], [7.97, 49.040833], [8.006111, 49.045833], [8.009444, 49.034722], [8.0025, 49.033333], [7.980833, 49.030556]]]}}, {"type": "Feature", "properties": {"name": "Schweinfurt", "icao": "EDFS", "typ": "platzrunde", "bahn": "0 ft", "hoehe_ft": null, "hoehe_bezug": "unbekannt", "hoehe_label": "keine Angabe (Annahme 1000 ft)", "hoehe_geschaetzt": true, "info": null, "quelle": "vlflugzeuge.de/Dateien/Platzrunden.txt", "icao_original": "EDQT", "korrektur": "ICAO korrigiert (Geometrie lag 8-232 km vom angegebenen Platz, aber <2 km vom hier genannten)"}, "geometry": {"type": "Polygon", "coordinates": [[[10.229444, 50.015278], [10.231944, 50.0225], [10.274444, 50.017222], [10.272222, 50.009444], [10.229444, 50.015278]]]}}, {"type": "Feature", "properties": {"name": "Schwenningen am Neckar", "icao": "EDTS", "typ": "platzrunde", "bahn": "0 ft", "hoehe_ft": null, "hoehe_bezug": "unbekannt", "hoehe_label": "keine Angabe (Annahme 1000 ft)", "hoehe_geschaetzt": true, "info": null, "quelle": "vlflugzeuge.de/Dateien/Platzrunden.txt"}, "geometry": {"type": "Polygon", "coordinates": [[[8.585833, 48.075556], [8.603611, 48.088056], [8.565556, 48.113889], [8.486944, 48.061667], [8.518333, 48.040833], [8.555556, 48.056389], [8.585833, 48.075556]]]}}, {"type": "Feature", "properties": {"name": "Seedorf", "icao": "EDXS", "typ": "platzrunde", "bahn": "0 ft", "hoehe_ft": null, "hoehe_bezug": "unbekannt", "hoehe_label": "keine Angabe (Annahme 1000 ft)", "hoehe_geschaetzt": true, "info": null, "quelle": "vlflugzeuge.de/Dateien/Platzrunden.txt"}, "geometry": {"type": "Polygon", "coordinates": [[[9.237778, 53.327222], [9.246667, 53.316944], [9.292778, 53.330833], [9.283889, 53.341667], [9.237778, 53.327222]]]}}, {"type": "Feature", "properties": {"name": "Segeletz", "icao": "EDAI", "typ": "platzrunde", "bahn": "0 ft", "hoehe_ft": null, "hoehe_bezug": "unbekannt", "hoehe_label": "keine Angabe (Annahme 1000 ft)", "hoehe_geschaetzt": true, "info": null, "quelle": "vlflugzeuge.de/Dateien/Platzrunden.txt"}, "geometry": {"type": "Polygon", "coordinates": [[[12.511944, 52.831111], [12.504167, 52.814444], [12.565, 52.804167], [12.573056, 52.821111], [12.511944, 52.831111]]]}}, {"type": "Feature", "properties": {"name": "Siegerland", "icao": "EDGS", "typ": "platzrunde", "bahn": "13/31", "hoehe_ft": 3000, "hoehe_bezug": "MSL?", "hoehe_label": "3000 ft", "hoehe_geschaetzt": false, "info": "1620 m, UL(PPR), MOGAS", "quelle": "vlflugzeuge.de/Dateien/Platzrunden.txt"}, "geometry": {"type": "Polygon", "coordinates": [[[8.083889, 50.703889], [8.075, 50.6975], [8.066667, 50.7025], [8.087222, 50.718611], [8.096111, 50.714444], [8.087222, 50.706667], [8.098611, 50.700833], [8.102778, 50.701389], [8.112778, 50.708889], [8.112222, 50.711944], [8.076111, 50.730556], [8.071944, 50.730556], [8.061389, 50.722778], [8.061667, 50.719722], [8.066667, 50.716944], [8.065833, 50.716389], [8.053889, 50.722222], [8.050833, 50.721944], [8.040833, 50.714444], [8.041389, 50.712222], [8.113611, 50.675556], [8.117222, 50.675556], [8.126389, 50.682778], [8.126667, 50.685278], [8.103056, 50.697222], [8.083889, 50.703889]]]}}, {"type": "Feature", "properties": {"name": "Sierksdorf", "icao": "EDXT", "typ": "platzrunde", "bahn": "0 ft", "hoehe_ft": null, "hoehe_bezug": "unbekannt", "hoehe_label": "keine Angabe (Annahme 1000 ft)", "hoehe_geschaetzt": true, "info": null, "quelle": "vlflugzeuge.de/Dateien/Platzrunden.txt"}, "geometry": {"type": "Polygon", "coordinates": [[[10.754722, 54.078611], [10.7675, 54.091944], [10.747778, 54.098611], [10.702778, 54.053611], [10.726944, 54.045], [10.735556, 54.058333], [10.754722, 54.078611]]]}}, {"type": "Feature", "properties": {"name": "Sinsheim", "icao": "EDTK", "typ": "platzrunde", "bahn": "12/30", "hoehe_ft": 1300, "hoehe_bezug": "MSL", "hoehe_label": "1300 ft MSL", "hoehe_geschaetzt": false, "info": "GRS 792mtr", "quelle": "vlflugzeuge.de/Dateien/Platzrunden.txt"}, "geometry": {"type": "Polygon", "coordinates": [[[8.901389, 49.244167], [8.920556, 49.237222], [8.909444, 49.224444], [8.865278, 49.241111], [8.876389, 49.253889], [8.886667, 49.25], [8.901389, 49.244167]]]}}, {"type": "Feature", "properties": {"name": "Soemmerda Dermsdorf", "icao": "EDBS", "typ": "platzrunde", "bahn": "0 ft", "hoehe_ft": null, "hoehe_bezug": "unbekannt", "hoehe_label": "keine Angabe (Annahme 1000 ft)", "hoehe_geschaetzt": true, "info": null, "quelle": "vlflugzeuge.de/Dateien/Platzrunden.txt"}, "geometry": {"type": "Polygon", "coordinates": [[[11.149167, 51.191667], [11.141111, 51.2075], [11.214722, 51.221944], [11.222222, 51.206389], [11.149167, 51.191667]]]}}, {"type": "Feature", "properties": {"name": "Soest", "icao": "EDLZ", "typ": "platzrunde", "bahn": "0 ft", "hoehe_ft": null, "hoehe_bezug": "unbekannt", "hoehe_label": "keine Angabe (Annahme 1000 ft)", "hoehe_geschaetzt": true, "info": null, "quelle": "vlflugzeuge.de/Dateien/Platzrunden.txt"}, "geometry": {"type": "Polygon", "coordinates": [[[8.23, 51.580278], [8.2375, 51.583611], [8.253056, 51.586389], [8.261111, 51.57], [8.181111, 51.555833], [8.174167, 51.570556], [8.2, 51.575278], [8.23, 51.580278]]]}}, {"type": "Feature", "properties": {"name": "Sonnen", "icao": "EDPS", "typ": "platzrunde", "bahn": "0 ft", "hoehe_ft": null, "hoehe_bezug": "unbekannt", "hoehe_label": "keine Angabe (Annahme 1000 ft)", "hoehe_geschaetzt": true, "info": null, "quelle": "vlflugzeuge.de/Dateien/Platzrunden.txt"}, "geometry": {"type": "Polygon", "coordinates": [[[13.699444, 48.688889], [13.7025, 48.695], [13.687778, 48.698333], [13.672222, 48.671389], [13.686944, 48.6675], [13.690833, 48.673889], [13.699444, 48.688889]]]}}, {"type": "Feature", "properties": {"name": "Speyer", "icao": "EDRY", "typ": "platzrunde", "bahn": "16/34", "hoehe_ft": 1200, "hoehe_bezug": "MSL?", "hoehe_label": "1200 ft", "hoehe_geschaetzt": false, "info": "1226 m, UL", "quelle": "vlflugzeuge.de/Dateien/Platzrunden.txt"}, "geometry": {"type": "Polygon", "coordinates": [[[8.456111, 49.293611], [8.460278, 49.284167], [8.489722, 49.289167], [8.474167, 49.326111], [8.454167, 49.322222], [8.447222, 49.317222], [8.456111, 49.293611]]]}}, {"type": "Feature", "properties": {"name": "Sprossen", "icao": "EDCH", "typ": "platzrunde", "bahn": "0 ft", "hoehe_ft": null, "hoehe_bezug": "unbekannt", "hoehe_label": "keine Angabe (Annahme 1000 ft)", "hoehe_geschaetzt": true, "info": null, "quelle": "vlflugzeuge.de/Dateien/Platzrunden.txt"}, "geometry": {"type": "Polygon", "coordinates": [[[12.248056, 51.043889], [12.2475, 51.049722], [12.216111, 51.049722], [12.216111, 51.044167], [12.248056, 51.043889]]]}}, {"type": "Feature", "properties": {"name": "St Michaelisdonn", "icao": "EDXM", "typ": "platzrunde", "bahn": "08/26", "hoehe_ft": 1000, "hoehe_bezug": "MSL?", "hoehe_label": "1000 ft", "hoehe_geschaetzt": false, "info": "700 m, UL", "quelle": "vlflugzeuge.de/Dateien/Platzrunden.txt"}, "geometry": {"type": "Polygon", "coordinates": [[[9.111667, 53.973333], [9.122778, 53.949722], [9.1825, 53.959722], [9.171944, 53.983056], [9.111667, 53.973333]]]}}, {"type": "Feature", "properties": {"name": "StPeter-Ording", "icao": "EDXO", "typ": "platzrunde", "bahn": "0 ft", "hoehe_ft": null, "hoehe_bezug": "unbekannt", "hoehe_label": "keine Angabe (Annahme 1000 ft)", "hoehe_geschaetzt": true, "info": null, "quelle": "vlflugzeuge.de/Dateien/Platzrunden.txt"}, "geometry": {"type": "Polygon", "coordinates": [[[8.666944, 54.304722], [8.677222, 54.288056], [8.727222, 54.298333], [8.717222, 54.315], [8.666944, 54.304722]]]}}, {"type": "Feature", "properties": {"name": "Stade", "icao": "EDHS", "typ": "platzrunde", "bahn": "11/29", "hoehe_ft": 1100, "hoehe_bezug": "MSL", "hoehe_label": "1100 ft MSL", "hoehe_geschaetzt": false, "info": "CON 635mtr", "quelle": "vlflugzeuge.de/Dateien/Platzrunden.txt"}, "geometry": {"type": "Polygon", "coordinates": [[[9.471944, 53.564722], [9.466111, 53.554444], [9.52, 53.544167], [9.524444, 53.551111], [9.519722, 53.556111], [9.471944, 53.564722]]]}}, {"type": "Feature", "properties": {"name": "Stadtlohn", "icao": "EDLS", "typ": "platzrunde", "bahn": "0 ft", "hoehe_ft": null, "hoehe_bezug": "unbekannt", "hoehe_label": "keine Angabe (Annahme 1000 ft)", "hoehe_geschaetzt": true, "info": null, "quelle": "vlflugzeuge.de/Dateien/Platzrunden.txt"}, "geometry": {"type": "Polygon", "coordinates": [[[6.858889, 51.991944], [6.875833, 51.988611], [6.88, 51.988333], [6.881389, 51.988889], [6.888056, 52.000278], [6.8875, 52.001944], [6.885833, 52.003333], [6.883333, 52.004167], [6.818889, 52.016111], [6.816111, 52.016111], [6.814167, 52.015278], [6.813056, 52.014722], [6.8075, 52.004722], [6.808333, 52.002778], [6.809167, 52.001667], [6.811111, 52.000833], [6.8225, 51.998611], [6.858889, 51.991944]]]}}, {"type": "Feature", "properties": {"name": "Stahringen", "icao": "EDSR", "typ": "platzrunde", "bahn": "01/19", "hoehe_ft": 2600, "hoehe_bezug": "MSL", "hoehe_label": "2600 ft MSL", "hoehe_geschaetzt": false, "info": "GRS 680mtr", "quelle": "vlflugzeuge.de/Dateien/Platzrunden.txt"}, "geometry": {"type": "Polygon", "coordinates": [[[8.981944, 47.808889], [8.985833, 47.816389], [9.021944, 47.81], [9.006389, 47.760833], [8.980833, 47.764722], [8.976389, 47.791111], [8.977222, 47.797222], [8.981944, 47.808889]]]}}, {"type": "Feature", "properties": {"name": "Stechow-Ferchesar", "icao": "EDUA", "typ": "platzrunde", "bahn": "04/22", "hoehe_ft": 900, "hoehe_bezug": "MSL", "hoehe_label": "900 ft MSL", "hoehe_geschaetzt": false, "info": "GRS 540mtr", "quelle": "vlflugzeuge.de/Dateien/Platzrunden.txt"}, "geometry": {"type": "Polygon", "coordinates": [[[12.4925, 52.653889], [12.496944, 52.6575], [12.504167, 52.665833], [12.489444, 52.673056], [12.451389, 52.645833], [12.468889, 52.636944], [12.481389, 52.645833], [12.4925, 52.653889]]]}}, {"type": "Feature", "properties": {"name": "Stendal-Borstel", "icao": "EDOV", "typ": "platzrunde", "bahn": "08/26", "hoehe_ft": 1000, "hoehe_bezug": "MSL", "hoehe_label": "1000 ft MSL", "hoehe_geschaetzt": false, "info": "CON 1997mtr", "quelle": "vlflugzeuge.de/Dateien/Platzrunden.txt"}, "geometry": {"type": "Polygon", "coordinates": [[[11.801944, 52.627222], [11.783333, 52.625556], [11.779722, 52.643889], [11.853889, 52.649167], [11.857222, 52.631389], [11.838056, 52.629722], [11.801944, 52.627222]]]}}, {"type": "Feature", "properties": {"name": "Stoelln-Rhinow", "icao": "EDOR", "typ": "platzrunde", "bahn": "0 ft", "hoehe_ft": null, "hoehe_bezug": "unbekannt", "hoehe_label": "keine Angabe (Annahme 1000 ft)", "hoehe_geschaetzt": true, "info": null, "quelle": "vlflugzeuge.de/Dateien/Platzrunden.txt"}, "geometry": {"type": "Polygon", "coordinates": [[[12.413333, 52.742222], [12.415, 52.731667], [12.370556, 52.729167], [12.368611, 52.739167], [12.413333, 52.742222]]]}}, {"type": "Feature", "properties": {"name": "Stralsund", "icao": "EDBV", "typ": "platzrunde", "bahn": "05/23", "hoehe_ft": 900, "hoehe_bezug": "MSL", "hoehe_label": "900 ft MSL", "hoehe_geschaetzt": false, "info": "GRS 900mtr", "quelle": "vlflugzeuge.de/Dateien/Platzrunden.txt"}, "geometry": {"type": "Polygon", "coordinates": [[[13.030833, 54.330833], [13.015833, 54.323611], [13.001389, 54.333889], [13.050278, 54.357778], [13.065, 54.347778], [13.0575, 54.343889], [13.030833, 54.330833]]]}}, {"type": "Feature", "properties": {"name": "Straubing Wallmuehle", "icao": "EDMS", "typ": "platzrunde", "bahn": "09/27", "hoehe_ft": 2100, "hoehe_bezug": "MSL", "hoehe_label": "2100 ft MSL", "hoehe_geschaetzt": false, "info": "ASP 1250mtr", "quelle": "vlflugzeuge.de/Dateien/Platzrunden.txt"}, "geometry": {"type": "Polygon", "coordinates": [[[12.486944, 48.904722], [12.476389, 48.919444], [12.477222, 48.928333], [12.569167, 48.921389], [12.566944, 48.904167], [12.552222, 48.898056], [12.538333, 48.899167], [12.486944, 48.904722]]]}}, {"type": "Feature", "properties": {"name": "Strausberg", "icao": "EDAY", "typ": "platzrunde", "bahn": "0 ft", "hoehe_ft": null, "hoehe_bezug": "unbekannt", "hoehe_label": "keine Angabe (Annahme 1000 ft)", "hoehe_geschaetzt": true, "info": null, "quelle": "vlflugzeuge.de/Dateien/Platzrunden.txt"}, "geometry": {"type": "Polygon", "coordinates": [[[13.894444, 52.565], [13.909167, 52.555], [13.957222, 52.58], [13.942778, 52.590278], [13.894444, 52.565]]]}}, {"type": "Feature", "properties": {"name": "Suhl Goldlauter", "icao": "EDQS", "typ": "platzrunde", "bahn": "0 ft", "hoehe_ft": null, "hoehe_bezug": "unbekannt", "hoehe_label": "keine Angabe (Annahme 1000 ft)", "hoehe_geschaetzt": true, "info": null, "quelle": "vlflugzeuge.de/Dateien/Platzrunden.txt"}, "geometry": {"type": "Polygon", "coordinates": [[[10.689722, 50.634444], [10.684722, 50.617222], [10.753333, 50.609444], [10.758056, 50.626944], [10.689722, 50.634444]]]}}, {"type": "Feature", "properties": {"name": "Tannheim", "icao": "EDMT", "typ": "platzrunde", "bahn": "09/27", "hoehe_ft": 2700, "hoehe_bezug": "MSL?", "hoehe_label": "2700 ft", "hoehe_geschaetzt": false, "info": "1022 m, UL, MOGAS", "quelle": "vlflugzeuge.de/Dateien/Platzrunden.txt"}, "geometry": {"type": "Polygon", "coordinates": [[[10.068333, 48.010556], [10.068611, 48.023889], [10.1175, 48.022778], [10.116944, 48.009444], [10.068333, 48.010556]]]}}, {"type": "Feature", "properties": {"name": "Taucha", "icao": "EDCT", "typ": "platzrunde", "bahn": "0 ft", "hoehe_ft": null, "hoehe_bezug": "unbekannt", "hoehe_label": "keine Angabe (Annahme 1000 ft)", "hoehe_geschaetzt": true, "info": null, "quelle": "vlflugzeuge.de/Dateien/Platzrunden.txt"}, "geometry": {"type": "Polygon", "coordinates": [[[12.509722, 51.386667], [12.515, 51.3775], [12.573333, 51.390833], [12.568056, 51.4], [12.509722, 51.386667]]]}}, {"type": "Feature", "properties": {"name": "Telgte", "icao": "EDLT", "typ": "platzrunde", "bahn": "0 ft", "hoehe_ft": null, "hoehe_bezug": "unbekannt", "hoehe_label": "keine Angabe (Annahme 1000 ft)", "hoehe_geschaetzt": true, "info": null, "quelle": "vlflugzeuge.de/Dateien/Platzrunden.txt"}, "geometry": {"type": "Polygon", "coordinates": [[[7.794167, 51.943056], [7.805, 51.942222], [7.806944, 51.941667], [7.807778, 51.940833], [7.808056, 51.939722], [7.805278, 51.926944], [7.804444, 51.926111], [7.803056, 51.925556], [7.801667, 51.925278], [7.741667, 51.93], [7.739722, 51.930556], [7.739167, 51.931111], [7.738611, 51.932222], [7.741389, 51.945833], [7.7425, 51.946389], [7.744444, 51.946944], [7.746944, 51.946944], [7.755556, 51.946111], [7.794167, 51.943056]]]}}, {"type": "Feature", "properties": {"name": "Thalmaessing", "icao": "EDPW", "typ": "platzrunde", "bahn": "0 ft", "hoehe_ft": null, "hoehe_bezug": "unbekannt", "hoehe_label": "keine Angabe (Annahme 1000 ft)", "hoehe_geschaetzt": true, "info": null, "quelle": "vlflugzeuge.de/Dateien/Platzrunden.txt"}, "geometry": {"type": "Polygon", "coordinates": [[[11.210833, 49.046944], [11.185556, 49.043889], [11.174444, 49.081389], [11.200556, 49.084722], [11.210833, 49.046944]]]}}, {"type": "Feature", "properties": {"name": "Thannhausen", "icao": "EDNU", "typ": "platzrunde", "bahn": "0 ft", "hoehe_ft": null, "hoehe_bezug": "unbekannt", "hoehe_label": "keine Angabe (Annahme 1000 ft)", "hoehe_geschaetzt": true, "info": null, "quelle": "vlflugzeuge.de/Dateien/Platzrunden.txt"}, "geometry": {"type": "Polygon", "coordinates": [[[10.4275, 48.288889], [10.421389, 48.306667], [10.447778, 48.310556], [10.453611, 48.292778], [10.4275, 48.288889]]]}}, {"type": "Feature", "properties": {"name": "Torgau-Beilrode", "icao": "EDOG", "typ": "platzrunde", "bahn": "08/26", "hoehe_ft": 1100, "hoehe_bezug": "MSL", "hoehe_label": "1100 ft MSL", "hoehe_geschaetzt": false, "info": "GRS 800mtr", "quelle": "vlflugzeuge.de/Dateien/Platzrunden.txt"}, "geometry": {"type": "Polygon", "coordinates": [[[13.058333, 51.571667], [13.079167, 51.574444], [13.083889, 51.561667], [13.033333, 51.554722], [13.028889, 51.567778], [13.044167, 51.57], [13.058333, 51.571667]]]}}, {"type": "Feature", "properties": {"name": "Traben-Trabach", "icao": "EDRM", "typ": "platzrunde", "bahn": "18/36", "hoehe_ft": 1900, "hoehe_bezug": "MSL?", "hoehe_label": "1900 ft", "hoehe_geschaetzt": false, "info": "750 m, UL", "quelle": "vlflugzeuge.de/Dateien/Platzrunden.txt"}, "geometry": {"type": "Polygon", "coordinates": [[[7.112222, 49.949167], [7.095556, 49.949444], [7.096389, 49.984444], [7.113056, 49.984167], [7.114167, 49.978611], [7.114722, 49.984167], [7.130833, 49.984167], [7.130278, 49.948889], [7.113333, 49.949167], [7.113333, 49.958611], [7.112222, 49.949167]]]}}, {"type": "Feature", "properties": {"name": "Treuchtlingen Bubenheim", "icao": "EDNT", "typ": "platzrunde", "bahn": "15/33", "hoehe_ft": 2300, "hoehe_bezug": "MSL", "hoehe_label": "2300 ft MSL", "hoehe_geschaetzt": false, "info": "GRS 495mtr", "quelle": "vlflugzeuge.de/Dateien/Platzrunden.txt"}, "geometry": {"type": "Polygon", "coordinates": [[[10.880556, 49.000278], [10.866667, 49.014167], [10.881944, 49.020278], [10.9125, 48.988056], [10.895278, 48.980833], [10.890278, 48.989722], [10.880556, 49.000278]]]}}, {"type": "Feature", "properties": {"name": "Trier-Foehren", "icao": "EDRT", "typ": "platzrunde", "bahn": "04/22", "hoehe_ft": 2000, "hoehe_bezug": "MSL", "hoehe_label": "2000 ft MSL", "hoehe_geschaetzt": false, "info": "CON 1200mtr, UL", "quelle": "vlflugzeuge.de/Dateien/Platzrunden.txt"}, "geometry": {"type": "Polygon", "coordinates": [[[6.772778, 49.853889], [6.758611, 49.843889], [6.787778, 49.826111], [6.846111, 49.866111], [6.816389, 49.883333], [6.805556, 49.876111], [6.772778, 49.853889]]]}}, {"type": "Feature", "properties": {"name": "Tutow", "icao": "EDUW", "typ": "platzrunde", "bahn": "17/35", "hoehe_ft": 800, "hoehe_bezug": "MSL", "hoehe_label": "800 ft MSL", "hoehe_geschaetzt": false, "info": "CON 1200mtr", "quelle": "vlflugzeuge.de/Dateien/Platzrunden.txt"}, "geometry": {"type": "Polygon", "coordinates": [[[13.221389, 53.901389], [13.202778, 53.899444], [13.189444, 53.943056], [13.206944, 53.945], [13.221389, 53.901389]]]}}, {"type": "Feature", "properties": {"name": "Uelzen", "icao": "EDVU", "typ": "platzrunde", "bahn": "0 ft", "hoehe_ft": null, "hoehe_bezug": "unbekannt", "hoehe_label": "keine Angabe (Annahme 1000 ft)", "hoehe_geschaetzt": true, "info": null, "quelle": "vlflugzeuge.de/Dateien/Platzrunden.txt"}, "geometry": {"type": "Polygon", "coordinates": [[[10.451667, 52.982778], [10.440556, 52.982222], [10.438056, 52.998611], [10.492778, 53.001944], [10.495278, 52.985278], [10.480833, 52.984444], [10.451667, 52.982778]]]}}, {"type": "Feature", "properties": {"name": "Uetersen", "icao": "EDHE", "typ": "platzrunde", "bahn": "0 ft", "hoehe_ft": null, "hoehe_bezug": "unbekannt", "hoehe_label": "keine Angabe (Annahme 1000 ft)", "hoehe_geschaetzt": true, "info": null, "quelle": "vlflugzeuge.de/Dateien/Platzrunden.txt"}, "geometry": {"type": "Polygon", "coordinates": [[[9.675278, 53.645], [9.675556, 53.634722], [9.734722, 53.634722], [9.734444, 53.645], [9.675278, 53.645]]]}}, {"type": "Feature", "properties": {"name": "Unterschuepf", "icao": "EDGU", "typ": "platzrunde", "bahn": "0 ft", "hoehe_ft": null, "hoehe_bezug": "unbekannt", "hoehe_label": "keine Angabe (Annahme 1000 ft)", "hoehe_geschaetzt": true, "info": null, "quelle": "vlflugzeuge.de/Dateien/Platzrunden.txt"}, "geometry": {"type": "Polygon", "coordinates": [[[9.640556, 49.512778], [9.6425, 49.504167], [9.703611, 49.5075], [9.701944, 49.516944], [9.640556, 49.512778]]]}}, {"type": "Feature", "properties": {"name": "Varrelbusch", "icao": "EDWU", "typ": "platzrunde", "bahn": "0 ft", "hoehe_ft": null, "hoehe_bezug": "unbekannt", "hoehe_label": "keine Angabe (Annahme 1000 ft)", "hoehe_geschaetzt": true, "info": null, "quelle": "vlflugzeuge.de/Dateien/Platzrunden.txt"}, "geometry": {"type": "Polygon", "coordinates": [[[8.019167, 52.908333], [8.006111, 52.908333], [8.003611, 52.909722], [8.003056, 52.928056], [8.005833, 52.93], [8.079444, 52.930556], [8.0825, 52.928611], [8.082778, 52.910556], [8.079444, 52.908889], [8.067222, 52.908611], [8.019167, 52.908333]]]}}, {"type": "Feature", "properties": {"name": "Verden-Scharnhorst", "icao": "EDWV", "typ": "platzrunde", "bahn": "13/31", "hoehe_ft": 1000, "hoehe_bezug": "MSL", "hoehe_label": "1000 ft MSL", "hoehe_geschaetzt": false, "info": "GRS 510mtr", "quelle": "vlflugzeuge.de/Dateien/Platzrunden.txt"}, "geometry": {"type": "Polygon", "coordinates": [[[9.288333, 52.961944], [9.298333, 52.956944], [9.320833, 52.973056], [9.285, 52.990833], [9.262778, 52.974722], [9.2775, 52.9675], [9.288333, 52.961944]]]}}, {"type": "Feature", "properties": {"name": "Vilsbiburg", "icao": "EDMP", "typ": "platzrunde", "bahn": "03/21", "hoehe_ft": 2000, "hoehe_bezug": "MSL", "hoehe_label": "2000 ft MSL", "hoehe_geschaetzt": false, "info": "GRS 450mtr", "quelle": "vlflugzeuge.de/Dateien/Platzrunden.txt"}, "geometry": {"type": "Polygon", "coordinates": [[[12.334444, 48.415833], [12.318333, 48.422222], [12.338889, 48.444167], [12.355556, 48.4375], [12.334444, 48.415833]]]}}, {"type": "Feature", "properties": {"name": "Vilshofen", "icao": "EDMV", "typ": "platzrunde", "bahn": "0 ft", "hoehe_ft": null, "hoehe_bezug": "unbekannt", "hoehe_label": "keine Angabe (Annahme 1000 ft)", "hoehe_geschaetzt": true, "info": null, "quelle": "vlflugzeuge.de/Dateien/Platzrunden.txt"}, "geometry": {"type": "Polygon", "coordinates": [[[13.17, 48.645278], [13.149722, 48.653611], [13.13, 48.631667], [13.214722, 48.598333], [13.230278, 48.615278], [13.214167, 48.626944], [13.17, 48.645278]]]}}, {"type": "Feature", "properties": {"name": "Vogtareuth", "icao": "EDNV", "typ": "platzrunde", "bahn": "0 ft", "hoehe_ft": null, "hoehe_bezug": "unbekannt", "hoehe_label": "keine Angabe (Annahme 1000 ft)", "hoehe_geschaetzt": true, "info": null, "quelle": "vlflugzeuge.de/Dateien/Platzrunden.txt"}, "geometry": {"type": "Polygon", "coordinates": [[[12.219722, 47.951667], [12.24, 47.959722], [12.248056, 47.951667], [12.176944, 47.923056], [12.169167, 47.931111], [12.1925, 47.940278], [12.219722, 47.951667]]]}}, {"type": "Feature", "properties": {"name": "Waechtersberg", "icao": "EDSV", "typ": "platzrunde", "bahn": "06/24", "hoehe_ft": 2800, "hoehe_bezug": "MSL", "hoehe_label": "2800 ft MSL", "hoehe_geschaetzt": false, "info": "GRS 603mtr", "quelle": "vlflugzeuge.de/Dateien/Platzrunden.txt"}, "geometry": {"type": "Polygon", "coordinates": [[[8.760833, 48.616389], [8.771667, 48.619722], [8.777778, 48.61], [8.738056, 48.598333], [8.731667, 48.607778], [8.748333, 48.612778], [8.760833, 48.616389]]]}}, {"type": "Feature", "properties": {"name": "Wahlstedt", "icao": "EDHW", "typ": "platzrunde", "bahn": "11/29", "hoehe_ft": 1100, "hoehe_bezug": "MSL", "hoehe_label": "1100 ft MSL", "hoehe_geschaetzt": false, "info": "GRS 600mtr", "quelle": "vlflugzeuge.de/Dateien/Platzrunden.txt"}, "geometry": {"type": "Polygon", "coordinates": [[[10.195, 53.976667], [10.204444, 53.989167], [10.251389, 53.9775], [10.242778, 53.965], [10.195, 53.976667]]]}}, {"type": "Feature", "properties": {"name": "Walldorf", "icao": "EDGX", "typ": "platzrunde", "bahn": "18/36", "hoehe_ft": 1200, "hoehe_bezug": "MSL", "hoehe_label": "1200 ft MSL", "hoehe_geschaetzt": false, "info": "GRS 505mtr", "quelle": "vlflugzeuge.de/Dateien/Platzrunden.txt"}, "geometry": {"type": "Polygon", "coordinates": [[[8.658889, 49.302778], [8.658889, 49.280833], [8.618889, 49.280833], [8.628056, 49.322778], [8.658889, 49.322778], [8.658889, 49.308333], [8.658889, 49.302778]]]}}, {"type": "Feature", "properties": {"name": "Wallduern", "icao": "EDEW", "typ": "platzrunde", "bahn": "0 ft", "hoehe_ft": null, "hoehe_bezug": "unbekannt", "hoehe_label": "keine Angabe (Annahme 1000 ft)", "hoehe_geschaetzt": true, "info": null, "quelle": "vlflugzeuge.de/Dateien/Platzrunden.txt"}, "geometry": {"type": "Polygon", "coordinates": [[[9.419444, 49.588889], [9.431667, 49.588611], [9.436111, 49.585278], [9.436944, 49.581111], [9.387222, 49.56], [9.378611, 49.568333], [9.379444, 49.571667], [9.386944, 49.575278], [9.419444, 49.588889]]]}}, {"type": "Feature", "properties": {"name": "Wangerooge", "icao": "EDWG", "typ": "platzrunde", "bahn": "10/28", "hoehe_ft": 800, "hoehe_bezug": "MSL", "hoehe_label": "800 ft MSL", "hoehe_geschaetzt": false, "info": "ASP 850mtr, UL(PPR)", "quelle": "vlflugzeuge.de/Dateien/Platzrunden.txt"}, "geometry": {"type": "Polygon", "coordinates": [[[7.931389, 53.781667], [7.942778, 53.781111], [7.946667, 53.778889], [7.945278, 53.7675], [7.888611, 53.771111], [7.890556, 53.781944], [7.894444, 53.784167], [7.908056, 53.783333], [7.931389, 53.781667]]]}}, {"type": "Feature", "properties": {"name": "Waren-Vielist", "icao": "EDOW", "typ": "platzrunde", "bahn": "0 ft", "hoehe_ft": null, "hoehe_bezug": "unbekannt", "hoehe_label": "keine Angabe (Annahme 1000 ft)", "hoehe_geschaetzt": true, "info": null, "quelle": "vlflugzeuge.de/Dateien/Platzrunden.txt"}, "geometry": {"type": "Polygon", "coordinates": [[[12.630556, 53.551389], [12.606944, 53.563056], [12.652778, 53.595833], [12.676944, 53.583889], [12.630556, 53.551389]]]}}, {"type": "Feature", "properties": {"name": "Wasserkuppe", "icao": "EDER", "typ": "platzrunde", "bahn": "06/24", "hoehe_ft": 4000, "hoehe_bezug": "MSL?", "hoehe_label": "4000 ft", "hoehe_geschaetzt": false, "info": "670 m, UL(PPR)", "quelle": "vlflugzeuge.de/Dateien/Platzrunden.txt"}, "geometry": {"type": "Polygon", "coordinates": [[[9.976389, 50.496389], [9.956389, 50.4775], [9.938889, 50.471944], [9.916389, 50.501944], [9.961111, 50.515556], [9.971111, 50.503333], [9.976389, 50.496389]]]}}, {"type": "Feature", "properties": {"name": "Weiden Opf", "icao": "EDQW", "typ": "platzrunde", "bahn": "0 ft", "hoehe_ft": null, "hoehe_bezug": "unbekannt", "hoehe_label": "keine Angabe (Annahme 1000 ft)", "hoehe_geschaetzt": true, "info": null, "quelle": "vlflugzeuge.de/Dateien/Platzrunden.txt"}, "geometry": {"type": "Polygon", "coordinates": [[[12.123889, 49.6725], [12.13, 49.661944], [12.11, 49.651944], [12.075278, 49.681667], [12.095833, 49.691667], [12.108056, 49.686667], [12.123889, 49.6725]]]}}, {"type": "Feature", "properties": {"name": "Weimar Umpferstedt", "icao": "EDOU", "typ": "platzrunde", "bahn": "0 ft", "hoehe_ft": null, "hoehe_bezug": "unbekannt", "hoehe_label": "keine Angabe (Annahme 1000 ft)", "hoehe_geschaetzt": true, "info": null, "quelle": "vlflugzeuge.de/Dateien/Platzrunden.txt"}, "geometry": {"type": "Polygon", "coordinates": [[[11.369444, 50.971389], [11.383056, 50.991389], [11.437222, 50.978611], [11.432778, 50.963611], [11.369444, 50.971389]]]}}, {"type": "Feature", "properties": {"name": "Weinheim", "icao": "EDGZ", "typ": "platzrunde", "bahn": "0 ft", "hoehe_ft": null, "hoehe_bezug": "unbekannt", "hoehe_label": "keine Angabe (Annahme 1000 ft)", "hoehe_geschaetzt": true, "info": null, "quelle": "vlflugzeuge.de/Dateien/Platzrunden.txt"}, "geometry": {"type": "Polygon", "coordinates": [[[8.619167, 49.550833], [8.643611, 49.554722], [8.633333, 49.583333], [8.615556, 49.580833], [8.608056, 49.576389], [8.619167, 49.550833]]]}}, {"type": "Feature", "properties": {"name": "Weissenhorn", "icao": "EDNW", "typ": "platzrunde", "bahn": "0 ft", "hoehe_ft": null, "hoehe_bezug": "unbekannt", "hoehe_label": "keine Angabe (Annahme 1000 ft)", "hoehe_geschaetzt": true, "info": null, "quelle": "vlflugzeuge.de/Dateien/Platzrunden.txt"}, "geometry": {"type": "Polygon", "coordinates": [[[10.131944, 48.288611], [10.113333, 48.286667], [10.112222, 48.276944], [10.170556, 48.282222], [10.168889, 48.29], [10.148333, 48.29], [10.131944, 48.288611]]]}}, {"type": "Feature", "properties": {"name": "Welzow", "icao": "EDCY", "typ": "platzrunde", "bahn": "03/21", "hoehe_ft": 1200, "hoehe_bezug": "MSL", "hoehe_label": "1200 ft MSL", "hoehe_geschaetzt": false, "info": "PAVED 2000mtr", "quelle": "vlflugzeuge.de/Dateien/Platzrunden.txt"}, "geometry": {"type": "Polygon", "coordinates": [[[14.150833, 51.587778], [14.156944, 51.593333], [14.135833, 51.602778], [14.101944, 51.573611], [14.123056, 51.564167], [14.129444, 51.569722], [14.150833, 51.587778]]]}}, {"type": "Feature", "properties": {"name": "Werdohl-Küntrop", "icao": "EDKW", "typ": "platzrunde", "bahn": "0 ft", "hoehe_ft": null, "hoehe_bezug": "unbekannt", "hoehe_label": "keine Angabe (Annahme 1000 ft)", "hoehe_geschaetzt": true, "info": null, "quelle": "vlflugzeuge.de/Dateien/Platzrunden.txt"}, "geometry": {"type": "Polygon", "coordinates": [[[7.804722, 51.294167], [7.801389, 51.272778], [7.842222, 51.283889], [7.830278, 51.301389], [7.804722, 51.294167]]]}}, {"type": "Feature", "properties": {"name": "Werneuchen", "icao": "EDBW", "typ": "platzrunde", "bahn": "0 ft", "hoehe_ft": null, "hoehe_bezug": "unbekannt", "hoehe_label": "keine Angabe (Annahme 1000 ft)", "hoehe_geschaetzt": true, "info": null, "quelle": "vlflugzeuge.de/Dateien/Platzrunden.txt"}, "geometry": {"type": "Polygon", "coordinates": [[[13.752222, 52.630556], [13.736944, 52.629722], [13.740556, 52.613333], [13.814444, 52.617778], [13.811389, 52.634167], [13.797222, 52.633333], [13.752222, 52.630556]]]}}, {"type": "Feature", "properties": {"name": "Wershofen", "icao": "EDRV", "typ": "platzrunde", "bahn": "07/25", "hoehe_ft": 2600, "hoehe_bezug": "MSL?", "hoehe_label": "2600 ft", "hoehe_geschaetzt": false, "info": "630 m, UL", "quelle": "vlflugzeuge.de/Dateien/Platzrunden.txt"}, "geometry": {"type": "Polygon", "coordinates": [[[6.760556, 50.446667], [6.745, 50.443333], [6.755556, 50.423889], [6.833889, 50.44], [6.824167, 50.459444], [6.8025, 50.455278], [6.760556, 50.446667]]]}}, {"type": "Feature", "properties": {"name": "Wesel-Römerwardt", "icao": "EDLX", "typ": "platzrunde", "bahn": "0 ft", "hoehe_ft": null, "hoehe_bezug": "unbekannt", "hoehe_label": "keine Angabe (Annahme 1000 ft)", "hoehe_geschaetzt": true, "info": null, "quelle": "vlflugzeuge.de/Dateien/Platzrunden.txt"}, "geometry": {"type": "Polygon", "coordinates": [[[6.577222, 51.661389], [6.567222, 51.660833], [6.565, 51.661111], [6.563611, 51.662222], [6.562222, 51.673333], [6.563333, 51.674444], [6.565, 51.675278], [6.621111, 51.677778], [6.623333, 51.677222], [6.624167, 51.675833], [6.625556, 51.665], [6.624444, 51.663889], [6.622222, 51.663333], [6.612222, 51.662778], [6.577222, 51.661389]]]}}, {"type": "Feature", "properties": {"name": "Weser Wümme", "icao": "EDWM", "typ": "platzrunde", "bahn": "0 ft", "hoehe_ft": null, "hoehe_bezug": "unbekannt", "hoehe_label": "keine Angabe (Annahme 1000 ft)", "hoehe_geschaetzt": true, "info": null, "quelle": "vlflugzeuge.de/Dateien/Platzrunden.txt"}, "geometry": {"type": "Polygon", "coordinates": [[[9.209444, 53.046667], [9.210278, 53.04], [9.223889, 53.040556], [9.221111, 53.068611], [9.2075, 53.068056], [9.208333, 53.061667], [9.209444, 53.046667]]]}}, {"type": "Feature", "properties": {"name": "Westerstede-Felde", "icao": "EDWX", "typ": "platzrunde", "bahn": "0 ft", "hoehe_ft": null, "hoehe_bezug": "unbekannt", "hoehe_label": "keine Angabe (Annahme 1000 ft)", "hoehe_geschaetzt": true, "info": null, "quelle": "vlflugzeuge.de/Dateien/Platzrunden.txt"}, "geometry": {"type": "Polygon", "coordinates": [[[7.916667, 53.284722], [7.906944, 53.281944], [7.916111, 53.269722], [7.965833, 53.283889], [7.956389, 53.295833], [7.943333, 53.292222], [7.916667, 53.284722]]]}}, {"type": "Feature", "properties": {"name": "Wiefelstede Conneforde 1", "icao": "EDWP", "typ": "platzrunde", "bahn": "12/30", "hoehe_ft": 1000, "hoehe_bezug": "MSL", "hoehe_label": "1000 ft MSL", "hoehe_geschaetzt": false, "info": "GRS 650mtr", "quelle": "vlflugzeuge.de/Dateien/Platzrunden.txt"}, "geometry": {"type": "Polygon", "coordinates": [[[8.042222, 53.328611], [8.046667, 53.329722], [8.063889, 53.324444], [8.042222, 53.328611]]]}}, {"type": "Feature", "properties": {"name": "Wiefelstede Conneforde 2", "icao": "EDWP", "typ": "strecke", "bahn": "12/30", "hoehe_ft": 1000, "hoehe_bezug": "MSL", "hoehe_label": "1000 ft MSL", "hoehe_geschaetzt": false, "info": "GRS 650mtr", "quelle": "vlflugzeuge.de/Dateien/Platzrunden.txt"}, "geometry": {"type": "LineString", "coordinates": [[8.046667, 53.329722], [8.045556, 53.3325]]}}, {"type": "Feature", "properties": {"name": "Wiefelstede Conneforde 3", "icao": "EDWP", "typ": "platzrunde", "bahn": "12/30", "hoehe_ft": 1000, "hoehe_bezug": "MSL", "hoehe_label": "1000 ft MSL", "hoehe_geschaetzt": false, "info": "GRS 650mtr", "quelle": "vlflugzeuge.de/Dateien/Platzrunden.txt"}, "geometry": {"type": "Polygon", "coordinates": [[[8.106111, 53.315278], [8.1, 53.3125], [8.079722, 53.319167], [8.106111, 53.315278]]]}}, {"type": "Feature", "properties": {"name": "Wiefelstede Conneforde 4", "icao": "EDWP", "typ": "strecke", "bahn": "12/30", "hoehe_ft": 1000, "hoehe_bezug": "MSL", "hoehe_label": "1000 ft MSL", "hoehe_geschaetzt": false, "info": "GRS 650mtr", "quelle": "vlflugzeuge.de/Dateien/Platzrunden.txt"}, "geometry": {"type": "LineString", "coordinates": [[8.1, 53.3125], [8.1, 53.308889]]}}, {"type": "Feature", "properties": {"name": "Wilhelmshaven", "icao": "EDWI", "typ": "platzrunde", "bahn": "0 ft", "hoehe_ft": null, "hoehe_bezug": "unbekannt", "hoehe_label": "keine Angabe (Annahme 1000 ft)", "hoehe_geschaetzt": true, "info": null, "quelle": "vlflugzeuge.de/Dateien/Platzrunden.txt"}, "geometry": {"type": "Polygon", "coordinates": [[[8.043889, 53.490833], [8.036111, 53.479722], [8.066667, 53.471667], [8.098056, 53.514722], [8.0675, 53.523056], [8.060556, 53.513889], [8.043889, 53.490833]]]}}, {"type": "Feature", "properties": {"name": "Winzeln Schramberg", "icao": "EDTW", "typ": "platzrunde", "bahn": "0 ft", "hoehe_ft": null, "hoehe_bezug": "unbekannt", "hoehe_label": "keine Angabe (Annahme 1000 ft)", "hoehe_geschaetzt": true, "info": null, "quelle": "vlflugzeuge.de/Dateien/Platzrunden.txt"}, "geometry": {"type": "Polygon", "coordinates": [[[8.415833, 48.290833], [8.391944, 48.307778], [8.425, 48.323611], [8.474167, 48.276667], [8.449444, 48.264722], [8.415833, 48.290833]]]}}, {"type": "Feature", "properties": {"name": "Wipperfürth-Neye", "icao": "EDKN", "typ": "platzrunde", "bahn": "0 ft", "hoehe_ft": null, "hoehe_bezug": "unbekannt", "hoehe_label": "keine Angabe (Annahme 1000 ft)", "hoehe_geschaetzt": true, "info": null, "quelle": "vlflugzeuge.de/Dateien/Platzrunden.txt"}, "geometry": {"type": "Polygon", "coordinates": [[[7.3825, 51.122222], [7.3875, 51.121389], [7.401944, 51.123333], [7.403333, 51.124722], [7.406389, 51.132222], [7.405, 51.133611], [7.355, 51.142222], [7.352222, 51.141389], [7.346944, 51.129444], [7.348611, 51.127778], [7.359722, 51.125833], [7.3825, 51.122222]]]}}, {"type": "Feature", "properties": {"name": "Wismar", "icao": "EDCW", "typ": "platzrunde", "bahn": "0 ft", "hoehe_ft": null, "hoehe_bezug": "unbekannt", "hoehe_label": "keine Angabe (Annahme 1000 ft)", "hoehe_geschaetzt": true, "info": null, "quelle": "vlflugzeuge.de/Dateien/Platzrunden.txt"}, "geometry": {"type": "Polygon", "coordinates": [[[11.467778, 53.910556], [11.463056, 53.924167], [11.521944, 53.930833], [11.526389, 53.916944], [11.467778, 53.910556]]]}}, {"type": "Feature", "properties": {"name": "Wolfhagen", "icao": "EDGW", "typ": "platzrunde", "bahn": "15/33", "hoehe_ft": 2000, "hoehe_bezug": "MSL", "hoehe_label": "2000 ft MSL", "hoehe_geschaetzt": false, "info": "GRS 500mtr", "quelle": "vlflugzeuge.de/Dateien/Platzrunden.txt"}, "geometry": {"type": "Polygon", "coordinates": [[[9.178333, 51.303611], [9.183333, 51.2975], [9.161667, 51.290278], [9.143056, 51.311389], [9.164722, 51.318611], [9.171111, 51.311667], [9.178333, 51.303611]]]}}, {"type": "Feature", "properties": {"name": "Worms", "icao": "EDFV", "typ": "platzrunde", "bahn": "0 ft", "hoehe_ft": null, "hoehe_bezug": "unbekannt", "hoehe_label": "keine Angabe (Annahme 1000 ft)", "hoehe_geschaetzt": true, "info": null, "quelle": "vlflugzeuge.de/Dateien/Platzrunden.txt"}, "geometry": {"type": "Polygon", "coordinates": [[[8.384722, 49.6125], [8.403611, 49.619167], [8.415278, 49.605], [8.346944, 49.580556], [8.335, 49.594722], [8.348611, 49.599444], [8.384722, 49.6125]]]}}, {"type": "Feature", "properties": {"name": "Wriezen", "icao": "EDON", "typ": "platzrunde", "bahn": "0 ft", "hoehe_ft": null, "hoehe_bezug": "unbekannt", "hoehe_label": "keine Angabe (Annahme 1000 ft)", "hoehe_geschaetzt": true, "info": null, "quelle": "vlflugzeuge.de/Dateien/Platzrunden.txt"}, "geometry": {"type": "Polygon", "coordinates": [[[14.203056, 52.608333], [14.205, 52.597222], [14.286667, 52.6025], [14.284722, 52.614444], [14.203056, 52.608333]]]}}, {"type": "Feature", "properties": {"name": "Wyk auf Föhr", "icao": "EDXY", "typ": "platzrunde", "bahn": "02/20 09/27", "hoehe_ft": 800, "hoehe_bezug": "MSL?", "hoehe_label": "800 ft", "hoehe_geschaetzt": false, "info": "660 605 m, UL", "quelle": "vlflugzeuge.de/Dateien/Platzrunden.txt"}, "geometry": {"type": "Polygon", "coordinates": [[[8.514722, 54.666944], [8.493333, 54.6725], [8.519722, 54.707778], [8.541944, 54.701944], [8.514722, 54.666944]]]}}, {"type": "Feature", "properties": {"name": "Würzburg-Schenkenturm", "icao": "EDFW", "typ": "platzrunde", "bahn": "0 ft", "hoehe_ft": null, "hoehe_bezug": "unbekannt", "hoehe_label": "keine Angabe (Annahme 1000 ft)", "hoehe_geschaetzt": true, "info": null, "quelle": "vlflugzeuge.de/Dateien/Platzrunden.txt"}, "geometry": {"type": "Polygon", "coordinates": [[[9.848056, 49.83], [9.8625, 49.855833], [9.946944, 49.835556], [9.932778, 49.809722], [9.848056, 49.83]]]}}, {"type": "Feature", "properties": {"name": "Zell Haidberg", "icao": "EDNZ", "typ": "platzrunde", "bahn": "0 ft", "hoehe_ft": null, "hoehe_bezug": "unbekannt", "hoehe_label": "keine Angabe (Annahme 1000 ft)", "hoehe_geschaetzt": true, "info": null, "quelle": "vlflugzeuge.de/Dateien/Platzrunden.txt"}, "geometry": {"type": "Polygon", "coordinates": [[[11.765556, 50.129444], [11.757778, 50.138889], [11.812222, 50.1575], [11.820278, 50.147778], [11.765556, 50.129444]]]}}, {"type": "Feature", "properties": {"name": "Zerbst", "icao": "EDUZ", "typ": "platzrunde", "bahn": "07/25", "hoehe_ft": 1100, "hoehe_bezug": "MSL", "hoehe_label": "1100 ft MSL", "hoehe_geschaetzt": false, "info": "GRS 750mtr", "quelle": "vlflugzeuge.de/Dateien/Platzrunden.txt"}, "geometry": {"type": "Polygon", "coordinates": [[[12.1625, 52.003611], [12.177222, 52.006944], [12.185278, 51.994167], [12.136944, 51.983333], [12.129722, 51.996389], [12.143333, 51.999444], [12.1625, 52.003611]]]}}, {"type": "Feature", "properties": {"name": "Zweibruecken", "icao": "EDRZ", "typ": "platzrunde", "bahn": "0 ft", "hoehe_ft": null, "hoehe_bezug": "unbekannt", "hoehe_label": "keine Angabe (Annahme 1000 ft)", "hoehe_geschaetzt": true, "info": null, "quelle": "vlflugzeuge.de/Dateien/Platzrunden.txt", "icao_original": "EDRP", "korrektur": "ICAO korrigiert (Geometrie lag 8-232 km vom angegebenen Platz, aber <2 km vom hier genannten)"}, "geometry": {"type": "Polygon", "coordinates": [[[7.416944, 49.224444], [7.428889, 49.219722], [7.401944, 49.189444], [7.389722, 49.193889], [7.416944, 49.224444]]]}}, {"type": "Feature", "properties": {"name": "Zwickau", "icao": "EDBI", "typ": "platzrunde", "bahn": "0 ft", "hoehe_ft": null, "hoehe_bezug": "unbekannt", "hoehe_label": "keine Angabe (Annahme 1000 ft)", "hoehe_geschaetzt": true, "info": null, "quelle": "vlflugzeuge.de/Dateien/Platzrunden.txt"}, "geometry": {"type": "Polygon", "coordinates": [[[12.4275, 50.692222], [12.411944, 50.686389], [12.404167, 50.689167], [12.405, 50.724722], [12.456944, 50.743333], [12.484722, 50.713056], [12.475, 50.709444], [12.4275, 50.692222]]]}}]}